CREATE DATABASE  IF NOT EXISTS `car_rental_10` /*!40100 DEFAULT CHARACTER SET utf8mb4 COLLATE utf8mb4_0900_ai_ci */ /*!80016 DEFAULT ENCRYPTION='N' */;
USE `car_rental_10`;
-- MySQL dump 10.13  Distrib 8.0.32, for Win64 (x86_64)
--
-- Host: localhost    Database: car_rental_10
-- ------------------------------------------------------
-- Server version	8.0.32

/*!40101 SET @OLD_CHARACTER_SET_CLIENT=@@CHARACTER_SET_CLIENT */;
/*!40101 SET @OLD_CHARACTER_SET_RESULTS=@@CHARACTER_SET_RESULTS */;
/*!40101 SET @OLD_COLLATION_CONNECTION=@@COLLATION_CONNECTION */;
/*!50503 SET NAMES utf8 */;
/*!40103 SET @OLD_TIME_ZONE=@@TIME_ZONE */;
/*!40103 SET TIME_ZONE='+00:00' */;
/*!40014 SET @OLD_UNIQUE_CHECKS=@@UNIQUE_CHECKS, UNIQUE_CHECKS=0 */;
/*!40014 SET @OLD_FOREIGN_KEY_CHECKS=@@FOREIGN_KEY_CHECKS, FOREIGN_KEY_CHECKS=0 */;
/*!40101 SET @OLD_SQL_MODE=@@SQL_MODE, SQL_MODE='NO_AUTO_VALUE_ON_ZERO' */;
/*!40111 SET @OLD_SQL_NOTES=@@SQL_NOTES, SQL_NOTES=0 */;

--
-- Table structure for table `booking`
--

DROP TABLE IF EXISTS `booking`;
/*!40101 SET @saved_cs_client     = @@character_set_client */;
/*!50503 SET character_set_client = utf8mb4 */;
CREATE TABLE `booking` (
  `booking_id` int(10) unsigned zerofill NOT NULL AUTO_INCREMENT,
  `vin` char(17) NOT NULL,
  `customer_id` int(10) unsigned zerofill NOT NULL,
  `representative_id` tinyint(3) unsigned zerofill NOT NULL,
  `payment_id` int(10) unsigned zerofill NOT NULL,
  `book_dt` datetime NOT NULL,
  PRIMARY KEY (`booking_id`),
  KEY `vin_idx` (`vin`),
  KEY `representative_id_idx` (`representative_id`),
  KEY `payment_id_idx` (`payment_id`),
  KEY `customer_id_idx` (`customer_id`),
  CONSTRAINT `customer_id` FOREIGN KEY (`customer_id`) REFERENCES `customer` (`customer_id`) ON DELETE CASCADE ON UPDATE CASCADE,
  CONSTRAINT `payment_id` FOREIGN KEY (`payment_id`) REFERENCES `payment` (`payment_id`) ON DELETE CASCADE ON UPDATE CASCADE,
  CONSTRAINT `representative_id` FOREIGN KEY (`representative_id`) REFERENCES `representative` (`representative_id`) ON DELETE CASCADE ON UPDATE CASCADE,
  CONSTRAINT `vin` FOREIGN KEY (`vin`) REFERENCES `vehicle` (`vin`) ON DELETE CASCADE ON UPDATE CASCADE
) ENGINE=InnoDB AUTO_INCREMENT=2217 DEFAULT CHARSET=utf8mb4 COLLATE=utf8mb4_0900_ai_ci;
/*!40101 SET character_set_client = @saved_cs_client */;

--
-- Dumping data for table `booking`
--

LOCK TABLES `booking` WRITE;
/*!40000 ALTER TABLE `booking` DISABLE KEYS */;
INSERT INTO `booking` VALUES (0000000001,'BG9CP7889ZC529675',0000000392,003,0000000001,'2022-01-07 17:21:41'),(0000000002,'FY9CM1461PP106360',0000000626,009,0000000002,'2022-01-07 17:32:26'),(0000000003,'EP5UL7495ZD740620',0000000144,011,0000000003,'2022-01-07 17:38:43'),(0000000004,'HF2PG4406AH429205',0000000221,011,0000000004,'2022-01-07 17:55:31'),(0000000005,'KT6VG7826OV342700',0000000853,008,0000000005,'2022-01-07 17:55:42'),(0000000006,'YN6RM3496KB098398',0000000482,018,0000000006,'2022-01-07 18:08:57'),(0000000007,'MH0GF2700EN111473',0000000654,011,0000000007,'2022-01-07 18:28:49'),(0000000008,'IN6PA4097RG125192',0000000804,018,0000000008,'2022-01-07 18:36:19'),(0000000009,'CG0ME5939OY920618',0000000251,005,0000000009,'2022-01-07 18:52:07'),(0000000010,'DM0RH4166MJ493815',0000000552,003,0000000010,'2022-01-07 19:03:32'),(0000000011,'ET1UJ4098CB097944',0000000946,001,0000000011,'2022-01-07 19:19:54'),(0000000012,'RG3WH9712RU899210',0000000891,015,0000000012,'2022-01-07 19:21:32'),(0000000013,'QX6QF1250SJ757889',0000000638,003,0000000013,'2022-01-07 19:44:44'),(0000000014,'MH9ZC4095SC338244',0000000178,003,0000000014,'2022-01-07 19:45:36'),(0000000015,'OO2HW4425DC975726',0000000945,005,0000000015,'2022-01-07 20:09:56'),(0000000016,'WI9ZY6610NP303430',0000000174,004,0000000016,'2022-01-07 20:29:25'),(0000000017,'YN8LU6839ZA034134',0000000373,008,0000000017,'2022-01-07 20:40:47'),(0000000018,'NP3ZX4703NO258513',0000000172,004,0000000018,'2022-01-07 20:43:50'),(0000000019,'UX0SG2301TG984740',0000000901,010,0000000019,'2022-01-07 20:44:16'),(0000000020,'ET2CR1664DL741349',0000000861,005,0000000020,'2022-01-07 20:53:43'),(0000000021,'WB7KW1127EM885115',0000000143,012,0000000021,'2022-01-07 21:20:16'),(0000000022,'ZO8JL1472ZG277734',0000000739,011,0000000022,'2022-01-07 21:27:55'),(0000000023,'PA2IT7545ID703433',0000000890,017,0000000023,'2022-01-07 21:45:18'),(0000000024,'NN0VY2318LV854489',0000000411,006,0000000024,'2022-01-07 22:05:17'),(0000000025,'TP7SM2644BT603585',0000000344,011,0000000025,'2022-01-07 22:11:57'),(0000000026,'WA4KM2530YT926699',0000000043,014,0000000026,'2022-01-07 22:17:41'),(0000000027,'KW0WA4299AC412017',0000000570,013,0000000027,'2022-01-07 22:22:43'),(0000000028,'PX6QD8701RU926111',0000000413,002,0000000028,'2022-01-07 22:28:01'),(0000000029,'HF1GU1279KJ601853',0000000689,010,0000000029,'2022-01-07 22:32:02'),(0000000030,'DK6ZY8488OG641336',0000000748,013,0000000030,'2022-01-07 22:37:24'),(0000000031,'AA9SS3649RK016585',0000000062,015,0000000031,'2022-01-07 22:43:19'),(0000000032,'JN5JA0020NL614111',0000000572,015,0000000032,'2022-01-07 22:50:29'),(0000000033,'VC0TQ0292FI152709',0000000300,009,0000000033,'2022-01-07 22:50:45'),(0000000034,'XG5FF4751LP512519',0000000181,016,0000000034,'2022-01-07 22:59:07'),(0000000064,'YP1WX8681IC551131',0000000401,013,0000000064,'2022-01-14 17:09:58'),(0000000065,'JM3GH6549FG593789',0000000813,006,0000000065,'2022-01-14 17:18:51'),(0000000066,'EV6TT5593YN728793',0000000890,016,0000000066,'2022-01-14 17:27:13'),(0000000067,'KA8JD6965XS838315',0000000168,011,0000000067,'2022-01-14 17:28:00'),(0000000068,'II6DU5460DP572056',0000000589,019,0000000068,'2022-01-14 17:30:25'),(0000000069,'DK6ZY8488OG641336',0000000227,018,0000000069,'2022-01-14 17:42:27'),(0000000070,'DN2MT2192NS095902',0000000551,010,0000000070,'2022-01-14 17:53:03'),(0000000071,'NN0VY2318LV854489',0000000028,003,0000000071,'2022-01-14 17:54:30'),(0000000072,'MH0GF2700EN111473',0000000840,015,0000000072,'2022-01-14 17:58:13'),(0000000073,'FZ2GN8864NG512505',0000000903,009,0000000073,'2022-01-14 18:10:20'),(0000000074,'EV5GP1130DP518924',0000000538,006,0000000074,'2022-01-14 18:13:52'),(0000000075,'FW7BE6757DI212781',0000000379,003,0000000075,'2022-01-14 18:22:07'),(0000000076,'UQ7WD9616ZY662247',0000000787,019,0000000076,'2022-01-14 18:33:51'),(0000000077,'QY8JH3827VZ301473',0000000716,018,0000000077,'2022-01-14 18:50:05'),(0000000078,'RD7JN5245JF936107',0000000333,012,0000000078,'2022-01-14 18:50:47'),(0000000079,'AA0DO4492SS388054',0000000697,020,0000000079,'2022-01-14 19:12:05'),(0000000080,'QX5EB8100UV890224',0000000910,011,0000000080,'2022-01-14 19:12:55'),(0000000081,'EP5UI3780QZ017171',0000000086,007,0000000081,'2022-01-14 19:25:24'),(0000000082,'LX2SQ1565PK173401',0000000320,009,0000000082,'2022-01-14 19:25:49'),(0000000083,'IN6PA4097RG125192',0000000689,015,0000000083,'2022-01-14 19:49:44'),(0000000084,'VY2OX9846ZZ977600',0000000308,014,0000000084,'2022-01-14 19:50:34'),(0000000085,'VA5XT0811OH640152',0000000062,011,0000000085,'2022-01-14 20:26:10'),(0000000086,'VT2YA2227YN733805',0000000578,016,0000000086,'2022-01-14 20:43:00'),(0000000087,'DO3DQ8250PW489239',0000000821,002,0000000087,'2022-01-14 21:04:50'),(0000000088,'YN6RM3496KB098398',0000000188,007,0000000088,'2022-01-14 21:24:26'),(0000000089,'WI9ZY6610NP303430',0000000300,005,0000000089,'2022-01-14 21:45:39'),(0000000090,'ZV2XT9436CL956807',0000000715,011,0000000090,'2022-01-14 22:17:24'),(0000000091,'DL7PP2252LL889037',0000000005,020,0000000091,'2022-01-14 22:23:15'),(0000000092,'ET1UJ4098CB097944',0000000263,002,0000000092,'2022-01-14 22:34:30'),(0000000093,'HD8AJ8076YU148853',0000000303,012,0000000093,'2022-01-14 22:39:29'),(0000000094,'OO2HW4425DC975726',0000000266,001,0000000094,'2022-01-14 22:43:02'),(0000000095,'KW0WA4299AC412017',0000000475,001,0000000095,'2022-01-14 22:45:54'),(0000000096,'NE4OM7171KR170357',0000000812,010,0000000096,'2022-01-14 22:49:03'),(0000000097,'NM7EU3389KD406055',0000000192,016,0000000097,'2022-01-14 22:51:01'),(0000000098,'IM3IN7147GE128442',0000000293,018,0000000098,'2022-01-14 22:51:46'),(0000000099,'KV0PV3428MU531558',0000000352,020,0000000099,'2022-01-14 22:56:22'),(0000000100,'BD4YK0171IJ806160',0000000234,003,0000000100,'2022-01-14 22:57:23'),(0000000127,'II6DU5460DP572056',0000000855,012,0000000127,'2022-01-21 17:09:36'),(0000000128,'ZV2XT9436CL956807',0000000718,014,0000000128,'2022-01-21 17:14:42'),(0000000129,'LX1BW1399WN917373',0000000093,016,0000000129,'2022-01-21 17:38:34'),(0000000130,'ON9ZG1264GA376998',0000000439,002,0000000130,'2022-01-21 17:45:45'),(0000000131,'DL7PP2252LL889037',0000000263,014,0000000131,'2022-01-21 18:00:15'),(0000000132,'DM0RH4166MJ493815',0000000114,018,0000000132,'2022-01-21 18:07:50'),(0000000133,'EV5GP1130DP518924',0000000692,013,0000000133,'2022-01-21 18:16:31'),(0000000134,'NP3ZX4703NO258513',0000000857,004,0000000134,'2022-01-21 18:38:22'),(0000000135,'IN6PA4097RG125192',0000000543,007,0000000135,'2022-01-21 18:38:26'),(0000000136,'JN5JA0020NL614111',0000000211,011,0000000136,'2022-01-21 18:46:59'),(0000000137,'SN5ZK0009PE093965',0000000295,004,0000000137,'2022-01-21 19:23:42'),(0000000138,'OO2HW4425DC975726',0000000805,011,0000000138,'2022-01-21 19:36:26'),(0000000139,'GX8OE2524QS699675',0000000270,014,0000000139,'2022-01-21 19:36:33'),(0000000140,'BF8OH7925EA602262',0000000590,017,0000000140,'2022-01-21 19:48:27'),(0000000141,'MH9ZC4095SC338244',0000000599,012,0000000141,'2022-01-21 20:02:56'),(0000000142,'NI0LB8062IU939574',0000000200,012,0000000142,'2022-01-21 20:41:01'),(0000000143,'JU8TG0239UZ590375',0000000828,013,0000000143,'2022-01-21 20:43:36'),(0000000144,'DQ7SM1456KE664461',0000000860,014,0000000144,'2022-01-21 21:02:47'),(0000000145,'SG2JD6517NI034152',0000000313,005,0000000145,'2022-01-21 21:06:39'),(0000000146,'HF2PG4406AH429205',0000000731,004,0000000146,'2022-01-21 21:42:00'),(0000000147,'VA5XT0811OH640152',0000000679,003,0000000147,'2022-01-21 21:46:12'),(0000000148,'KA8JD6965XS838315',0000000422,009,0000000148,'2022-01-21 21:57:51'),(0000000149,'HF1GU1279KJ601853',0000000827,001,0000000149,'2022-01-21 22:05:43'),(0000000150,'RG3WH9712RU899210',0000000272,014,0000000150,'2022-01-21 22:15:51'),(0000000151,'HJ8IA1678ED265990',0000000372,018,0000000151,'2022-01-21 22:18:49'),(0000000152,'RY7BX3292FK369015',0000000967,014,0000000152,'2022-01-21 22:30:18'),(0000000153,'ZO8JL1472ZG277734',0000000498,009,0000000153,'2022-01-21 22:36:49'),(0000000154,'TP7SM2644BT603585',0000000420,017,0000000154,'2022-01-21 22:59:19'),(0000000158,'NM7EU3389KD406055',0000000732,005,0000000158,'2022-01-28 17:06:16'),(0000000159,'WA4KM2530YT926699',0000000878,002,0000000159,'2022-01-28 17:31:37'),(0000000160,'ZO8JL1472ZG277734',0000000654,005,0000000160,'2022-01-28 17:39:06'),(0000000161,'EP5UL7495ZD740620',0000000063,005,0000000161,'2022-01-28 17:57:58'),(0000000162,'XM6XN8702CR029920',0000000350,001,0000000162,'2022-01-28 18:20:04'),(0000000163,'HF2PG4406AH429205',0000000203,016,0000000163,'2022-01-28 18:29:34'),(0000000164,'PA2IT7545ID703433',0000000904,007,0000000164,'2022-01-28 18:42:44'),(0000000165,'RY7BX3292FK369015',0000000457,007,0000000165,'2022-01-28 18:53:23'),(0000000166,'NN0VY2318LV854489',0000000290,001,0000000166,'2022-01-28 19:24:03'),(0000000167,'YP1WX8681IC551131',0000000066,009,0000000167,'2022-01-28 19:37:36'),(0000000168,'KV0PV3428MU531558',0000000553,016,0000000168,'2022-01-28 19:56:29'),(0000000169,'VA5XT0811OH640152',0000000863,012,0000000169,'2022-01-28 20:59:56'),(0000000170,'ZV2XT9436CL956807',0000000326,014,0000000170,'2022-01-28 21:13:35'),(0000000171,'FW7BE6757DI212781',0000000754,002,0000000171,'2022-01-28 21:46:30'),(0000000172,'NI0LB8062IU939574',0000000524,011,0000000172,'2022-01-28 22:15:57'),(0000000173,'VY2OX9846ZZ977600',0000000268,016,0000000173,'2022-01-28 22:43:43'),(0000000174,'AA0DO4492SS388054',0000000858,004,0000000174,'2022-01-28 22:44:38'),(0000000189,'KA8JD6965XS838315',0000000200,002,0000000189,'2022-02-04 17:26:42'),(0000000190,'GC7LW1950FB723002',0000000490,013,0000000190,'2022-02-04 17:31:27'),(0000000191,'FW7BE6757DI212781',0000000966,001,0000000191,'2022-02-04 17:34:06'),(0000000192,'AE6XO9187BF879440',0000000001,012,0000000192,'2022-02-04 17:42:46'),(0000000193,'YN6RM3496KB098398',0000000815,009,0000000193,'2022-02-04 17:47:18'),(0000000194,'DO3DQ8250PW489239',0000000336,019,0000000194,'2022-02-04 17:52:08'),(0000000195,'KW0WA4299AC412017',0000000509,018,0000000195,'2022-02-04 17:59:21'),(0000000196,'EU3MI1714DE486827',0000000465,014,0000000196,'2022-02-04 18:05:31'),(0000000197,'GX8OE2524QS699675',0000000179,012,0000000197,'2022-02-04 18:12:28'),(0000000198,'ZO8JL1472ZG277734',0000000096,001,0000000198,'2022-02-04 18:16:25'),(0000000199,'II6DU5460DP572056',0000000654,015,0000000199,'2022-02-04 18:20:24'),(0000000200,'JU8TG0239UZ590375',0000000803,016,0000000200,'2022-02-04 18:21:49'),(0000000201,'BF8OH7925EA602262',0000000221,016,0000000201,'2022-02-04 18:25:02'),(0000000202,'XG5FF4751LP512519',0000000963,004,0000000202,'2022-02-04 18:43:59'),(0000000203,'JN5JA0020NL614111',0000000429,007,0000000203,'2022-02-04 18:51:54'),(0000000204,'NI0LB8062IU939574',0000000713,019,0000000204,'2022-02-04 19:06:23'),(0000000205,'MH9ZC4095SC338244',0000000392,019,0000000205,'2022-02-04 19:23:36'),(0000000206,'RG3WH9712RU899210',0000000336,013,0000000206,'2022-02-04 19:25:49'),(0000000207,'DN2MT2192NS095902',0000000383,018,0000000207,'2022-02-04 19:27:14'),(0000000208,'DK6ZY8488OG641336',0000000392,005,0000000208,'2022-02-04 19:58:59'),(0000000209,'AA0DO4492SS388054',0000000783,019,0000000209,'2022-02-04 20:26:44'),(0000000210,'SN5ZK0009PE093965',0000000997,012,0000000210,'2022-02-04 20:27:11'),(0000000211,'XK4UT3618OK340098',0000000150,013,0000000211,'2022-02-04 21:06:37'),(0000000212,'NN0VY2318LV854489',0000000182,012,0000000212,'2022-02-04 21:23:10'),(0000000213,'OO2HW4425DC975726',0000000427,017,0000000213,'2022-02-04 21:28:49'),(0000000214,'BC4TO5106BM270965',0000000984,014,0000000214,'2022-02-04 21:34:43'),(0000000215,'DL7JP9048DZ453833',0000000299,017,0000000215,'2022-02-04 21:39:34'),(0000000216,'SK8BT5334IF194473',0000000459,010,0000000216,'2022-02-04 21:39:50'),(0000000217,'EV6TT5593YN728793',0000000989,016,0000000217,'2022-02-04 21:58:27'),(0000000218,'KW0WC9243QD714059',0000000357,005,0000000218,'2022-02-04 22:10:42'),(0000000219,'QU9QD8910SJ757079',0000000168,013,0000000219,'2022-02-04 22:19:58'),(0000000220,'AA9SS3649RK016585',0000000777,011,0000000220,'2022-02-04 22:33:43'),(0000000221,'DL7PP2252LL889037',0000000386,015,0000000221,'2022-02-04 22:37:03'),(0000000222,'HD8AJ8076YU148853',0000000295,013,0000000222,'2022-02-04 22:41:01'),(0000000223,'YK1LW9363TS238251',0000000980,002,0000000223,'2022-02-04 22:44:26'),(0000000224,'DQ7SM1456KE664461',0000000599,017,0000000224,'2022-02-04 22:45:26'),(0000000225,'QX5EB8100UV890224',0000000341,009,0000000225,'2022-02-04 22:47:13'),(0000000226,'HF2PG4406AH429205',0000000749,020,0000000226,'2022-02-04 22:54:47'),(0000000252,'SG2JD6517NI034152',0000000666,017,0000000252,'2022-02-11 17:10:15'),(0000000253,'UU6QK0273EX072107',0000000090,003,0000000253,'2022-02-11 17:13:59'),(0000000254,'XK4UT3618OK340098',0000000089,002,0000000254,'2022-02-11 17:23:35'),(0000000255,'KA8JD6965XS838315',0000000558,007,0000000255,'2022-02-11 17:24:08'),(0000000256,'LZ5YX6789BP660219',0000000778,018,0000000256,'2022-02-11 17:41:44'),(0000000257,'QC5KJ6360FD937874',0000000666,018,0000000257,'2022-02-11 17:44:02'),(0000000258,'QU9QD8910SJ757079',0000000806,019,0000000258,'2022-02-11 17:48:20'),(0000000259,'JN5JA0020NL614111',0000000619,003,0000000259,'2022-02-11 18:00:32'),(0000000260,'YK1LW9363TS238251',0000000902,019,0000000260,'2022-02-11 18:02:39'),(0000000261,'KW0WA4299AC412017',0000000378,020,0000000261,'2022-02-11 18:19:42'),(0000000262,'DQ7SM1456KE664461',0000000716,006,0000000262,'2022-02-11 18:29:34'),(0000000263,'KT6XN0432CX127774',0000000255,008,0000000263,'2022-02-11 18:37:20'),(0000000264,'YN8LU6839ZA034134',0000000957,018,0000000264,'2022-02-11 18:58:20'),(0000000265,'VA5QN6839ZW474111',0000000843,002,0000000265,'2022-02-11 19:07:44'),(0000000266,'PX6QD8701RU926111',0000000026,018,0000000266,'2022-02-11 19:13:09'),(0000000267,'EM9NN0604AT737496',0000000312,009,0000000267,'2022-02-11 19:17:00'),(0000000268,'CG0ME5939OY920618',0000000400,004,0000000268,'2022-02-11 19:33:28'),(0000000269,'ET1UJ4098CB097944',0000000254,017,0000000269,'2022-02-11 19:40:12'),(0000000270,'FY9CM1461PP106360',0000000929,017,0000000270,'2022-02-11 19:43:16'),(0000000271,'WA4KM2530YT926699',0000000137,016,0000000271,'2022-02-11 20:04:55'),(0000000272,'TP7SM2644BT603585',0000000843,018,0000000272,'2022-02-11 20:07:51'),(0000000273,'LX2SQ1565PK173401',0000000464,020,0000000273,'2022-02-11 20:08:39'),(0000000274,'GE0PZ1751HA292370',0000000853,009,0000000274,'2022-02-11 20:24:54'),(0000000275,'SK8BT5334IF194473',0000000393,009,0000000275,'2022-02-11 20:49:55'),(0000000276,'JU8TG0239UZ590375',0000000220,012,0000000276,'2022-02-11 20:55:00'),(0000000277,'XM6XN8702CR029920',0000000305,013,0000000277,'2022-02-11 21:11:59'),(0000000278,'DL7JP9048DZ453833',0000000152,005,0000000278,'2022-02-11 21:21:59'),(0000000279,'QX6QF1250SJ757889',0000000439,003,0000000279,'2022-02-11 21:28:21'),(0000000280,'FW7BE6757DI212781',0000000717,013,0000000280,'2022-02-11 21:54:40'),(0000000281,'QY8JH3827VZ301473',0000000849,009,0000000281,'2022-02-11 22:02:43'),(0000000282,'HD7MA7551AP023977',0000000099,019,0000000282,'2022-02-11 22:06:35'),(0000000283,'DM0RH4166MJ493815',0000000860,005,0000000283,'2022-02-11 22:10:46'),(0000000284,'GC7LW1950FB723002',0000000806,001,0000000284,'2022-02-11 22:25:30'),(0000000285,'YO9BL0976YW469828',0000000014,014,0000000285,'2022-02-11 22:28:53'),(0000000286,'RC5HY8323WH831903',0000000157,009,0000000286,'2022-02-11 22:35:10'),(0000000287,'KW0WC9243QD714059',0000000001,020,0000000287,'2022-02-11 22:57:46'),(0000000315,'HF1GU1279KJ601853',0000000743,007,0000000315,'2022-02-18 17:13:12'),(0000000316,'GE0PZ1751HA292370',0000000441,009,0000000316,'2022-02-18 21:32:32'),(0000000318,'BC4TO5106BM270965',0000000731,005,0000000318,'2022-02-25 17:14:40'),(0000000319,'CG0ME5939OY920618',0000000528,014,0000000319,'2022-02-25 17:22:30'),(0000000320,'QY8JH3827VZ301473',0000000215,008,0000000320,'2022-02-25 17:30:57'),(0000000321,'QC5KJ6360FD937874',0000000696,013,0000000321,'2022-02-25 17:36:57'),(0000000322,'DL7PP2252LL889037',0000000612,015,0000000322,'2022-02-25 17:42:24'),(0000000323,'EM9NN0604AT737496',0000000872,020,0000000323,'2022-02-25 17:49:44'),(0000000324,'WA4HC6844EJ241493',0000000248,017,0000000324,'2022-02-25 17:50:17'),(0000000325,'FW7BE6757DI212781',0000000200,007,0000000325,'2022-02-25 17:57:59'),(0000000326,'HD8AJ8076YU148853',0000000387,013,0000000326,'2022-02-25 18:04:02'),(0000000327,'IN6PA4097RG125192',0000000350,007,0000000327,'2022-02-25 18:46:28'),(0000000328,'DO3DQ8250PW489239',0000000300,010,0000000328,'2022-02-25 19:03:31'),(0000000329,'GC7LW1950FB723002',0000000779,019,0000000329,'2022-02-25 19:19:18'),(0000000330,'YN6RM3496KB098398',0000000085,019,0000000330,'2022-02-25 19:38:06'),(0000000331,'EP5UL7495ZD740620',0000000836,003,0000000331,'2022-02-25 19:44:11'),(0000000332,'KW0WA4299AC412017',0000000857,003,0000000332,'2022-02-25 19:44:18'),(0000000333,'QX5EB8100UV890224',0000000967,019,0000000333,'2022-02-25 19:57:02'),(0000000334,'NP3ZX4703NO258513',0000000930,016,0000000334,'2022-02-25 19:59:07'),(0000000335,'NM7EU3389KD406055',0000000720,018,0000000335,'2022-02-25 20:58:11'),(0000000336,'WB7KW1127EM885115',0000000267,003,0000000336,'2022-02-25 21:29:27'),(0000000337,'BF8OH7925EA602262',0000000726,013,0000000337,'2022-02-25 21:37:32'),(0000000338,'PX6QD8701RU926111',0000000188,003,0000000338,'2022-02-25 21:39:15'),(0000000339,'EV5GP1130DP518924',0000000806,004,0000000339,'2022-02-25 21:40:25'),(0000000340,'FY9CM1461PP106360',0000000576,006,0000000340,'2022-02-25 21:59:17'),(0000000341,'II6DU5460DP572056',0000000748,015,0000000341,'2022-02-25 22:07:04'),(0000000342,'XM6XN8702CR029920',0000000431,013,0000000342,'2022-02-25 22:10:12'),(0000000343,'DM0RH4166MJ493815',0000000420,006,0000000343,'2022-02-25 22:50:05'),(0000000344,'HD7MA7551AP023977',0000000080,002,0000000344,'2022-02-25 22:55:51'),(0000000349,'QC5KJ6360FD937874',0000000518,001,0000000349,'2022-03-04 17:47:27'),(0000000350,'VB7PS7552PF129782',0000000858,005,0000000350,'2022-03-04 18:00:01'),(0000000351,'BC4TO5106BM270965',0000000696,004,0000000351,'2022-03-04 18:04:19'),(0000000352,'EP5UL7495ZD740620',0000000907,019,0000000352,'2022-03-04 18:09:28'),(0000000353,'RD7JN5245JF936107',0000000194,014,0000000353,'2022-03-04 18:13:04'),(0000000354,'MH9ZC4095SC338244',0000000458,008,0000000354,'2022-03-04 18:16:44'),(0000000355,'RC5HY8323WH831903',0000000986,016,0000000355,'2022-03-04 18:22:21'),(0000000356,'JU8TG0239UZ590375',0000000152,004,0000000356,'2022-03-04 18:22:42'),(0000000357,'IN6PA4097RG125192',0000000827,020,0000000357,'2022-03-04 19:07:51'),(0000000358,'LX1BW1399WN917373',0000000949,005,0000000358,'2022-03-04 19:47:33'),(0000000359,'AA9SS3649RK016585',0000000979,019,0000000359,'2022-03-04 19:53:56'),(0000000360,'EV6TT5593YN728793',0000000895,015,0000000360,'2022-03-04 20:02:02'),(0000000361,'FY9CM1461PP106360',0000000415,011,0000000361,'2022-03-04 20:15:50'),(0000000362,'HD7MA7551AP023977',0000000735,012,0000000362,'2022-03-04 20:18:04'),(0000000363,'AE6XO9187BF879440',0000000290,016,0000000363,'2022-03-04 20:20:02'),(0000000364,'ZP0RE7169PG314937',0000000804,003,0000000364,'2022-03-04 20:50:43'),(0000000365,'XK4UT3618OK340098',0000000066,009,0000000365,'2022-03-04 21:26:33'),(0000000366,'ON9ZG1264GA376998',0000000483,001,0000000366,'2022-03-04 21:36:11'),(0000000367,'KT6VG7826OV342700',0000000187,019,0000000367,'2022-03-04 21:48:18'),(0000000368,'DO3DQ8250PW489239',0000000006,020,0000000368,'2022-03-04 21:50:55'),(0000000369,'JN5JA0020NL614111',0000000129,018,0000000369,'2022-03-04 22:18:51'),(0000000370,'EV5GP1130DP518924',0000000571,007,0000000370,'2022-03-04 22:54:46'),(0000000380,'AE6XO9187BF879440',0000000542,018,0000000380,'2022-03-11 17:09:42'),(0000000381,'UX0SG2301TG984740',0000000139,003,0000000381,'2022-03-11 17:16:45'),(0000000382,'DN2MT2192NS095902',0000000224,015,0000000382,'2022-03-11 17:44:52'),(0000000383,'WA4HC6844EJ241493',0000000102,019,0000000383,'2022-03-11 17:48:05'),(0000000384,'YN6RM3496KB098398',0000000354,004,0000000384,'2022-03-11 18:17:06'),(0000000385,'QX6QF1250SJ757889',0000000450,006,0000000385,'2022-03-11 18:19:33'),(0000000386,'ET2CR1664DL741349',0000000689,010,0000000386,'2022-03-11 18:31:28'),(0000000387,'VA5QN6839ZW474111',0000000056,007,0000000387,'2022-03-11 18:40:42'),(0000000388,'KA8JD6965XS838315',0000000628,003,0000000388,'2022-03-11 18:43:31'),(0000000389,'DL7JP9048DZ453833',0000000098,008,0000000389,'2022-03-11 18:57:13'),(0000000390,'VT2YA2227YN733805',0000000071,017,0000000390,'2022-03-11 19:34:59'),(0000000391,'FZ2GN8864NG512505',0000000271,002,0000000391,'2022-03-11 20:15:11'),(0000000392,'GE0PZ1751HA292370',0000000778,007,0000000392,'2022-03-11 20:31:15'),(0000000393,'CG0ME5939OY920618',0000000567,005,0000000393,'2022-03-11 20:44:08'),(0000000394,'MH0GF2700EN111473',0000000535,008,0000000394,'2022-03-11 20:46:30'),(0000000395,'EV5GP1130DP518924',0000000015,002,0000000395,'2022-03-11 21:18:16'),(0000000396,'SK8BT5334IF194473',0000000945,006,0000000396,'2022-03-11 21:30:42'),(0000000397,'RD7JN5245JF936107',0000000558,019,0000000397,'2022-03-11 21:37:21'),(0000000398,'ZP0RE7169PG314937',0000000825,005,0000000398,'2022-03-11 22:05:25'),(0000000399,'NN0VY2318LV854489',0000000221,001,0000000399,'2022-03-11 22:15:44'),(0000000411,'NN0VY2318LV854489',0000000021,016,0000000411,'2022-03-18 17:11:03'),(0000000412,'LX2SQ1565PK173401',0000000631,006,0000000412,'2022-03-18 17:11:07'),(0000000413,'WB7KW1127EM885115',0000000388,008,0000000413,'2022-03-18 17:11:41'),(0000000414,'BC4TO5106BM270965',0000000464,019,0000000414,'2022-03-18 17:14:57'),(0000000415,'HF2PG4406AH429205',0000000463,009,0000000415,'2022-03-18 17:41:06'),(0000000416,'VA5XT0811OH640152',0000000392,020,0000000416,'2022-03-18 17:46:12'),(0000000417,'DL7JP9048DZ453833',0000000401,004,0000000417,'2022-03-18 17:57:33'),(0000000418,'NE4OM7171KR170357',0000000446,018,0000000418,'2022-03-18 18:03:29'),(0000000419,'ON9ZG1264GA376998',0000000303,020,0000000419,'2022-03-18 18:25:19'),(0000000420,'II6DU5460DP572056',0000000416,017,0000000420,'2022-03-18 18:32:02'),(0000000421,'SG2JD6517NI034152',0000000616,016,0000000421,'2022-03-18 18:42:43'),(0000000422,'CG0ME5939OY920618',0000000792,018,0000000422,'2022-03-18 18:49:49'),(0000000423,'UQ7WD9616ZY662247',0000000726,016,0000000423,'2022-03-18 18:54:59'),(0000000424,'IM3IN7147GE128442',0000000271,005,0000000424,'2022-03-18 18:56:37'),(0000000425,'EV6TT5593YN728793',0000000678,018,0000000425,'2022-03-18 19:06:27'),(0000000426,'GX8OE2524QS699675',0000000363,014,0000000426,'2022-03-18 19:18:36'),(0000000427,'DM0RH4166MJ493815',0000000982,008,0000000427,'2022-03-18 19:27:02'),(0000000428,'YN6RM3496KB098398',0000000101,006,0000000428,'2022-03-18 19:30:05'),(0000000429,'NP3ZX4703NO258513',0000000523,008,0000000429,'2022-03-18 19:31:48'),(0000000430,'FZ2GN8864NG512505',0000000193,001,0000000430,'2022-03-18 19:58:12'),(0000000431,'KV0PV3428MU531558',0000000902,018,0000000431,'2022-03-18 20:01:08'),(0000000432,'DO3DQ8250PW489239',0000000806,006,0000000432,'2022-03-18 20:02:49'),(0000000433,'DK6ZY8488OG641336',0000000306,014,0000000433,'2022-03-18 20:04:03'),(0000000434,'KT6VG7826OV342700',0000000284,008,0000000434,'2022-03-18 20:06:05'),(0000000435,'VT2YA2227YN733805',0000000518,011,0000000435,'2022-03-18 20:10:07'),(0000000436,'JU8TG0239UZ590375',0000000657,005,0000000436,'2022-03-18 20:30:09'),(0000000437,'YP1WX8681IC551131',0000000453,008,0000000437,'2022-03-18 20:37:08'),(0000000438,'QC5KJ6360FD937874',0000000826,012,0000000438,'2022-03-18 20:39:43'),(0000000439,'ET2CR1664DL741349',0000000235,017,0000000439,'2022-03-18 20:41:59'),(0000000440,'RY7BX3292FK369015',0000000438,014,0000000440,'2022-03-18 20:42:15'),(0000000441,'RG3WH9712RU899210',0000000693,016,0000000441,'2022-03-18 20:45:43'),(0000000442,'SN5ZK0009PE093965',0000000030,007,0000000442,'2022-03-18 20:49:47'),(0000000443,'DI3QF1252LL926394',0000000552,017,0000000443,'2022-03-18 20:55:02'),(0000000444,'MH9ZC4095SC338244',0000000886,002,0000000444,'2022-03-18 21:05:22'),(0000000445,'EV5GP1130DP518924',0000000281,018,0000000445,'2022-03-18 21:37:23'),(0000000446,'DQ7SM1456KE664461',0000000723,008,0000000446,'2022-03-18 21:46:29'),(0000000447,'KA8JD6965XS838315',0000000828,003,0000000447,'2022-03-18 21:48:06'),(0000000448,'RD7JN5245JF936107',0000000550,003,0000000448,'2022-03-18 22:10:02'),(0000000449,'LX1BW1399WN917373',0000000666,017,0000000449,'2022-03-18 22:20:22'),(0000000450,'NI0LB8062IU939574',0000000973,020,0000000450,'2022-03-18 22:27:30'),(0000000451,'ZV2XT9436CL956807',0000000833,008,0000000451,'2022-03-18 22:37:21'),(0000000474,'DN2MT2192NS095902',0000000757,016,0000000474,'2022-03-25 17:12:07'),(0000000475,'MH0GF2700EN111473',0000000954,010,0000000475,'2022-03-25 17:15:54'),(0000000476,'ET2CR1664DL741349',0000000819,017,0000000476,'2022-03-25 17:17:32'),(0000000477,'BG9CP7889ZC529675',0000000169,017,0000000477,'2022-03-25 17:17:36'),(0000000478,'FW7BE6757DI212781',0000000081,015,0000000478,'2022-03-25 17:35:04'),(0000000479,'BF8OH7925EA602262',0000000552,002,0000000479,'2022-03-25 17:38:07'),(0000000480,'KW0WA4299AC412017',0000000329,016,0000000480,'2022-03-25 17:39:51'),(0000000481,'QC5KJ6360FD937874',0000000900,001,0000000481,'2022-03-25 18:00:44'),(0000000482,'WI9ZY6610NP303430',0000000422,006,0000000482,'2022-03-25 18:05:20'),(0000000483,'SG2JD6517NI034152',0000000957,004,0000000483,'2022-03-25 18:05:37'),(0000000484,'XG5FF4751LP512519',0000000373,005,0000000484,'2022-03-25 18:21:08'),(0000000485,'KT6XN0432CX127774',0000000419,015,0000000485,'2022-03-25 18:29:18'),(0000000486,'UU6QK0273EX072107',0000000238,004,0000000486,'2022-03-25 18:33:41'),(0000000487,'KW0WC9243QD714059',0000000050,014,0000000487,'2022-03-25 18:42:57'),(0000000488,'GX8OE2524QS699675',0000000530,011,0000000488,'2022-03-25 19:00:34'),(0000000489,'VY2OX9846ZZ977600',0000000686,019,0000000489,'2022-03-25 19:00:52'),(0000000490,'QU9QD8910SJ757079',0000000430,020,0000000490,'2022-03-25 19:07:35'),(0000000491,'JM3GH6549FG593789',0000000525,010,0000000491,'2022-03-25 19:12:35'),(0000000492,'DL7JP9048DZ453833',0000000886,005,0000000492,'2022-03-25 19:15:08'),(0000000493,'CG0ME5939OY920618',0000000884,018,0000000493,'2022-03-25 19:16:48'),(0000000494,'QX5EB8100UV890224',0000000009,010,0000000494,'2022-03-25 19:22:09'),(0000000495,'HF1GU1279KJ601853',0000000514,002,0000000495,'2022-03-25 19:36:19'),(0000000496,'LZ5YX6789BP660219',0000000953,020,0000000496,'2022-03-25 19:36:35'),(0000000497,'JN5JA0020NL614111',0000000555,004,0000000497,'2022-03-25 19:51:22'),(0000000498,'YK1LW9363TS238251',0000000863,011,0000000498,'2022-03-25 19:52:44'),(0000000499,'WA4HC6844EJ241493',0000000877,008,0000000499,'2022-03-25 20:04:00'),(0000000500,'UQ7WD9616ZY662247',0000000195,006,0000000500,'2022-03-25 20:35:14'),(0000000501,'KT6VG7826OV342700',0000000621,003,0000000501,'2022-03-25 20:45:27'),(0000000502,'AA0DO4492SS388054',0000000455,006,0000000502,'2022-03-25 20:50:17'),(0000000503,'LX2SQ1565PK173401',0000000373,013,0000000503,'2022-03-25 20:54:04'),(0000000504,'EM9NN0604AT737496',0000000309,008,0000000504,'2022-03-25 21:15:13'),(0000000505,'DM0RH4166MJ493815',0000000814,018,0000000505,'2022-03-25 21:15:50'),(0000000506,'SN5ZK0009PE093965',0000000223,018,0000000506,'2022-03-25 21:18:30'),(0000000507,'WA4KM2530YT926699',0000000483,020,0000000506,'2022-03-25 21:18:30'),(0000000508,'SN5ZK0009PE093965',0000000094,010,0000000507,'2022-03-25 21:18:30'),(0000000509,'WA4KM2530YT926699',0000000192,006,0000000507,'2022-03-25 21:18:30'),(0000000510,'VC0TQ0292FI152709',0000000678,019,0000000508,'2022-03-25 21:26:20'),(0000000511,'IN6PA4097RG125192',0000000518,006,0000000509,'2022-03-25 21:57:08'),(0000000512,'VB7PS7552PF129782',0000000529,002,0000000510,'2022-03-25 22:01:19'),(0000000513,'HJ8IA1678ED265990',0000000211,020,0000000511,'2022-03-25 22:13:24'),(0000000514,'VA5QN6839ZW474111',0000000667,011,0000000512,'2022-03-25 22:22:53'),(0000000515,'ZO8JL1472ZG277734',0000000131,011,0000000513,'2022-03-25 22:54:57'),(0000000537,'NI0LB8062IU939574',0000000091,004,0000000537,'2022-04-01 17:13:26'),(0000000538,'RY7BX3292FK369015',0000000195,020,0000000538,'2022-04-01 17:16:33'),(0000000539,'PA2IT7545ID703433',0000000672,012,0000000539,'2022-04-01 17:31:09'),(0000000540,'VY2OX9846ZZ977600',0000000337,020,0000000540,'2022-04-01 17:33:30'),(0000000541,'XG5FF4751LP512519',0000000840,005,0000000541,'2022-04-01 17:36:01'),(0000000542,'CG0ME5939OY920618',0000000855,007,0000000542,'2022-04-01 18:07:54'),(0000000543,'KT6VG7826OV342700',0000000631,014,0000000543,'2022-04-01 18:26:22'),(0000000544,'NN0VY2318LV854489',0000000301,014,0000000544,'2022-04-01 18:39:18'),(0000000545,'KA8JD6965XS838315',0000000994,018,0000000545,'2022-04-01 18:58:58'),(0000000546,'YO9BL0976YW469828',0000000697,001,0000000546,'2022-04-01 19:28:52'),(0000000547,'JM3GH6549FG593789',0000000753,002,0000000547,'2022-04-01 20:00:03'),(0000000548,'KW0WA4299AC412017',0000000649,005,0000000548,'2022-04-01 20:11:29'),(0000000549,'GE0PZ1751HA292370',0000000354,013,0000000549,'2022-04-01 20:51:10'),(0000000550,'IN6PA4097RG125192',0000000751,009,0000000550,'2022-04-01 20:52:12'),(0000000551,'TP7SM2644BT603585',0000000326,014,0000000551,'2022-04-01 20:53:07'),(0000000552,'KW0WC9243QD714059',0000000432,017,0000000552,'2022-04-01 21:13:03'),(0000000553,'EV6TT5593YN728793',0000000961,012,0000000553,'2022-04-01 21:17:44'),(0000000554,'QC5KJ6360FD937874',0000000236,001,0000000554,'2022-04-01 21:32:32'),(0000000555,'DL7PP2252LL889037',0000000248,006,0000000555,'2022-04-01 21:38:04'),(0000000556,'FZ2GN8864NG512505',0000000825,003,0000000556,'2022-04-01 21:50:52'),(0000000557,'AA0DO4492SS388054',0000000735,020,0000000557,'2022-04-01 21:52:45'),(0000000558,'VA5QN6839ZW474111',0000000744,002,0000000558,'2022-04-01 22:08:30'),(0000000559,'DM0RH4166MJ493815',0000000937,020,0000000559,'2022-04-01 22:09:13'),(0000000560,'KT6XN0432CX127774',0000000911,007,0000000560,'2022-04-01 22:30:51'),(0000000561,'KR1UN2589DT336194',0000000593,020,0000000561,'2022-04-01 22:37:56'),(0000000568,'KW0WA4299AC412017',0000000402,013,0000000568,'2022-04-08 17:28:41'),(0000000569,'XG5FF4751LP512519',0000000763,009,0000000569,'2022-04-08 18:30:52'),(0000000570,'AA0DO4492SS388054',0000000689,008,0000000570,'2022-04-08 18:36:40'),(0000000571,'FY9CM1461PP106360',0000000759,012,0000000571,'2022-04-08 18:37:20'),(0000000572,'KT6XN0432CX127774',0000000209,003,0000000572,'2022-04-08 19:10:16'),(0000000573,'EP5UI3780QZ017171',0000000701,006,0000000573,'2022-04-08 19:33:52'),(0000000574,'DN2MT2192NS095902',0000000052,017,0000000574,'2022-04-08 19:37:17'),(0000000575,'KV0PV3428MU531558',0000000569,011,0000000575,'2022-04-08 20:11:51'),(0000000576,'WB7KW1127EM885115',0000000122,016,0000000576,'2022-04-08 20:40:29'),(0000000577,'QC5KJ6360FD937874',0000000736,005,0000000577,'2022-04-08 21:17:46'),(0000000578,'NI0LB8062IU939574',0000000953,008,0000000578,'2022-04-08 21:43:49'),(0000000579,'FZ2GN8864NG512505',0000000027,003,0000000579,'2022-04-08 21:45:52'),(0000000580,'OO2HW4425DC975726',0000000108,011,0000000580,'2022-04-08 21:52:30'),(0000000581,'AA9SS3649RK016585',0000000546,003,0000000581,'2022-04-08 22:01:20'),(0000000582,'HD8AJ8076YU148853',0000000511,003,0000000582,'2022-04-08 22:27:39'),(0000000583,'OO2HW4425DC975726',0000000355,014,0000000583,'2022-04-15 17:29:18'),(0000000584,'ET2CR1664DL741349',0000000278,002,0000000584,'2022-04-15 17:32:45'),(0000000585,'WB7KW1127EM885115',0000000566,017,0000000585,'2022-04-15 18:00:51'),(0000000586,'II6DU5460DP572056',0000000971,018,0000000586,'2022-04-15 18:06:38'),(0000000587,'TP7SM2644BT603585',0000000111,005,0000000587,'2022-04-15 18:58:14'),(0000000588,'KV0PV3428MU531558',0000000301,002,0000000588,'2022-04-15 19:14:57'),(0000000589,'DN2MT2192NS095902',0000000452,007,0000000589,'2022-04-15 19:20:22'),(0000000590,'KR1UN2589DT336194',0000000223,002,0000000590,'2022-04-15 19:21:55'),(0000000591,'FY9CM1461PP106360',0000000487,020,0000000591,'2022-04-15 19:39:21'),(0000000592,'RC5HY8323WH831903',0000000378,018,0000000592,'2022-04-15 19:39:56'),(0000000593,'EP5UI3780QZ017171',0000000542,005,0000000593,'2022-04-15 19:53:39'),(0000000594,'NN0VY2318LV854489',0000000047,017,0000000594,'2022-04-15 20:00:56'),(0000000595,'SG2JD6517NI034152',0000000263,012,0000000595,'2022-04-15 20:24:59'),(0000000596,'HF2PG4406AH429205',0000000469,014,0000000596,'2022-04-15 20:35:31'),(0000000597,'BC4TO5106BM270965',0000000713,010,0000000597,'2022-04-15 20:41:59'),(0000000598,'EV6TT5593YN728793',0000000162,014,0000000598,'2022-04-15 21:05:06'),(0000000599,'JN5JA0020NL614111',0000000513,015,0000000599,'2022-04-15 21:36:51'),(0000000600,'ZO8JL1472ZG277734',0000000844,018,0000000600,'2022-04-15 21:43:31'),(0000000601,'UQ7WD9616ZY662247',0000000959,002,0000000601,'2022-04-15 21:53:27'),(0000000602,'BD4YK0171IJ806160',0000000032,020,0000000602,'2022-04-15 21:59:32'),(0000000603,'XM6XN8702CR029920',0000000421,011,0000000603,'2022-04-15 22:19:17'),(0000000604,'YN6RM3496KB098398',0000000667,019,0000000604,'2022-04-15 22:21:56'),(0000000605,'VC0TQ0292FI152709',0000000251,012,0000000605,'2022-04-15 22:47:45'),(0000000606,'ZV2XT9436CL956807',0000000890,013,0000000606,'2022-04-15 22:58:50'),(0000000614,'MH9ZC4095SC338244',0000000617,019,0000000614,'2022-04-22 17:25:08'),(0000000615,'FZ2GN8864NG512505',0000000962,020,0000000615,'2022-04-22 17:27:16'),(0000000616,'YO9BL0976YW469828',0000000793,017,0000000616,'2022-04-22 17:43:30'),(0000000617,'YN6RM3496KB098398',0000000378,007,0000000617,'2022-04-22 17:49:51'),(0000000618,'PA2IT7545ID703433',0000000508,005,0000000618,'2022-04-22 18:01:44'),(0000000619,'LZ5YX6789BP660219',0000000646,002,0000000619,'2022-04-22 18:08:05'),(0000000620,'VA5QN6839ZW474111',0000000614,010,0000000620,'2022-04-22 18:22:52'),(0000000621,'QC5KJ6360FD937874',0000000451,005,0000000621,'2022-04-22 19:09:01'),(0000000622,'XK4UT3618OK340098',0000000861,001,0000000622,'2022-04-22 19:30:22'),(0000000623,'DQ7SM1456KE664461',0000000805,020,0000000623,'2022-04-22 19:32:57'),(0000000624,'ZO8JL1472ZG277734',0000000240,018,0000000624,'2022-04-22 19:35:23'),(0000000625,'VY2OX9846ZZ977600',0000000989,008,0000000625,'2022-04-22 19:37:16'),(0000000626,'VT2YA2227YN733805',0000000312,015,0000000626,'2022-04-22 20:00:00'),(0000000627,'FW7BE6757DI212781',0000000093,018,0000000627,'2022-04-22 20:07:50'),(0000000628,'DI3QF1252LL926394',0000000858,014,0000000628,'2022-04-22 20:17:09'),(0000000629,'HF2PG4406AH429205',0000000034,002,0000000629,'2022-04-22 20:25:04'),(0000000630,'AE6XO9187BF879440',0000000454,005,0000000630,'2022-04-22 20:39:45'),(0000000631,'EU3MI1714DE486827',0000000413,003,0000000631,'2022-04-22 20:42:49'),(0000000632,'EV6TT5593YN728793',0000000193,017,0000000632,'2022-04-22 21:25:40'),(0000000633,'DO3DQ8250PW489239',0000000757,001,0000000633,'2022-04-22 21:31:42'),(0000000634,'HD7MA7551AP023977',0000000182,010,0000000634,'2022-04-22 21:32:29'),(0000000635,'FY9CM1461PP106360',0000000609,003,0000000635,'2022-04-22 21:36:48'),(0000000636,'HF1GU1279KJ601853',0000000434,004,0000000636,'2022-04-22 21:39:52'),(0000000637,'GE0PZ1751HA292370',0000000144,001,0000000637,'2022-04-22 21:49:50'),(0000000638,'DL7JP9048DZ453833',0000000969,010,0000000638,'2022-04-22 22:20:51'),(0000000639,'LX2SQ1565PK173401',0000000053,020,0000000639,'2022-04-22 22:55:51'),(0000000645,'WB7KW1127EM885115',0000000803,014,0000000645,'2022-04-29 17:16:29'),(0000000646,'KT6VG7826OV342700',0000000157,005,0000000646,'2022-04-29 17:16:59'),(0000000647,'BD4YK0171IJ806160',0000000917,007,0000000647,'2022-04-29 17:18:05'),(0000000648,'VB7PS7552PF129782',0000000484,002,0000000648,'2022-04-29 17:36:19'),(0000000649,'GC7LW1950FB723002',0000000750,002,0000000649,'2022-04-29 18:36:39'),(0000000650,'KR1UN2589DT336194',0000000830,002,0000000650,'2022-04-29 18:39:37'),(0000000651,'DN0YJ1488OI002111',0000000067,002,0000000651,'2022-04-29 18:40:52'),(0000000652,'DQ7SM1456KE664461',0000000191,009,0000000652,'2022-04-29 18:43:51'),(0000000653,'NE4OM7171KR170357',0000000518,007,0000000653,'2022-04-29 19:06:32'),(0000000654,'ZP0RE7169PG314937',0000000699,013,0000000654,'2022-04-29 19:06:34'),(0000000655,'AE6XO9187BF879440',0000000760,009,0000000655,'2022-04-29 19:14:35'),(0000000656,'KW0WA4299AC412017',0000000585,011,0000000656,'2022-04-29 19:37:44'),(0000000657,'VC0TQ0292FI152709',0000000335,009,0000000657,'2022-04-29 19:55:33'),(0000000658,'EM9NN0604AT737496',0000000507,015,0000000658,'2022-04-29 20:04:43'),(0000000659,'BC4TO5106BM270965',0000000821,016,0000000659,'2022-04-29 20:16:06'),(0000000660,'VA5XT0811OH640152',0000000487,002,0000000660,'2022-04-29 20:36:33'),(0000000661,'EV5GP1130DP518924',0000000727,001,0000000661,'2022-04-29 20:38:22'),(0000000662,'KT6XN0432CX127774',0000000144,002,0000000662,'2022-04-29 20:42:58'),(0000000663,'NM7EU3389KD406055',0000000162,016,0000000663,'2022-04-29 21:05:35'),(0000000664,'HD8AJ8076YU148853',0000000540,019,0000000664,'2022-04-29 21:15:44'),(0000000665,'DL7JP9048DZ453833',0000000293,007,0000000665,'2022-04-29 21:24:55'),(0000000666,'AA0DO4492SS388054',0000000504,015,0000000666,'2022-04-29 21:53:00'),(0000000667,'QX5EB8100UV890224',0000000791,016,0000000667,'2022-04-29 21:53:57'),(0000000668,'AA9SS3649RK016585',0000000537,001,0000000668,'2022-04-29 22:14:13'),(0000000669,'ZV2XT9436CL956807',0000000885,020,0000000669,'2022-04-29 22:25:53'),(0000000670,'LX1BW1399WN917373',0000000108,018,0000000670,'2022-04-29 22:26:08'),(0000000671,'EP5UI3780QZ017171',0000000644,010,0000000671,'2022-04-29 22:27:30'),(0000000672,'LZ5YX6789BP660219',0000000328,010,0000000672,'2022-04-29 22:37:03'),(0000000673,'YN6RM3496KB098398',0000000081,019,0000000673,'2022-04-29 22:52:17'),(0000000676,'RG3WH9712RU899210',0000000548,013,0000000676,'2022-05-06 17:10:37'),(0000000677,'HD7MA7551AP023977',0000000743,001,0000000677,'2022-05-06 17:23:39'),(0000000678,'EV5GP1130DP518924',0000000116,020,0000000678,'2022-05-06 17:29:35'),(0000000679,'JU8TG0239UZ590375',0000000144,010,0000000679,'2022-05-06 17:40:39'),(0000000680,'AA0DO4492SS388054',0000000104,014,0000000680,'2022-05-06 17:44:11'),(0000000681,'KV0PV3428MU531558',0000000640,007,0000000681,'2022-05-06 17:53:18'),(0000000682,'TP7SM2644BT603585',0000000138,020,0000000682,'2022-05-06 17:57:01'),(0000000683,'QX6QF1250SJ757889',0000000923,003,0000000683,'2022-05-06 18:26:12'),(0000000684,'MH0GF2700EN111473',0000000377,013,0000000684,'2022-05-06 18:26:47'),(0000000685,'RY7BX3292FK369015',0000000108,003,0000000685,'2022-05-06 18:43:48'),(0000000686,'DL7JP9048DZ453833',0000000067,019,0000000686,'2022-05-06 18:52:45'),(0000000687,'VA5XT0811OH640152',0000000515,015,0000000687,'2022-05-06 18:58:31'),(0000000688,'SG2JD6517NI034152',0000000610,008,0000000688,'2022-05-06 19:20:25'),(0000000689,'HF2PG4406AH429205',0000000516,003,0000000689,'2022-05-06 19:29:03'),(0000000690,'DO3DQ8250PW489239',0000000603,007,0000000690,'2022-05-06 19:31:25'),(0000000691,'XK4UT3618OK340098',0000000855,019,0000000691,'2022-05-06 19:34:43'),(0000000692,'CG0ME5939OY920618',0000000976,007,0000000692,'2022-05-06 19:55:43'),(0000000693,'BF8OH7925EA602262',0000000082,009,0000000693,'2022-05-06 20:00:08'),(0000000694,'ZO8JL1472ZG277734',0000000148,003,0000000694,'2022-05-06 20:25:17'),(0000000695,'WI9ZY6610NP303430',0000000056,002,0000000695,'2022-05-06 20:27:15'),(0000000696,'KR1UN2589DT336194',0000000820,001,0000000696,'2022-05-06 20:28:35'),(0000000697,'NE4OM7171KR170357',0000000672,007,0000000696,'2022-05-06 20:28:35'),(0000000698,'KR1UN2589DT336194',0000000283,008,0000000697,'2022-05-06 20:28:35'),(0000000699,'NE4OM7171KR170357',0000000053,004,0000000697,'2022-05-06 20:28:35'),(0000000700,'NP3ZX4703NO258513',0000000847,019,0000000698,'2022-05-06 20:29:30'),(0000000701,'RC5HY8323WH831903',0000000495,018,0000000699,'2022-05-06 20:33:08'),(0000000702,'FZ2GN8864NG512505',0000000274,005,0000000700,'2022-05-06 20:36:36'),(0000000703,'YN8LU6839ZA034134',0000000017,015,0000000701,'2022-05-06 20:37:46'),(0000000704,'UU6QK0273EX072107',0000000565,017,0000000702,'2022-05-06 20:38:03'),(0000000705,'YN6RM3496KB098398',0000000269,019,0000000703,'2022-05-06 20:47:10'),(0000000706,'FY9CM1461PP106360',0000000988,001,0000000704,'2022-05-06 21:23:59'),(0000000707,'EP5UI3780QZ017171',0000000877,014,0000000705,'2022-05-06 21:29:59'),(0000000708,'EP5UL7495ZD740620',0000000195,008,0000000706,'2022-05-06 21:35:57'),(0000000709,'PX6QD8701RU926111',0000000611,003,0000000707,'2022-05-06 21:37:33'),(0000000710,'LX1BW1399WN917373',0000000890,011,0000000708,'2022-05-06 21:39:43'),(0000000711,'IN6PA4097RG125192',0000000514,018,0000000709,'2022-05-06 21:42:01'),(0000000712,'AE6XO9187BF879440',0000000458,014,0000000710,'2022-05-06 21:45:13'),(0000000713,'WB7KW1127EM885115',0000000816,010,0000000711,'2022-05-06 21:51:46'),(0000000714,'JN5JA0020NL614111',0000000547,015,0000000712,'2022-05-06 21:52:23'),(0000000715,'GE0PZ1751HA292370',0000000992,004,0000000713,'2022-05-06 21:56:21'),(0000000716,'XG5FF4751LP512519',0000000933,004,0000000714,'2022-05-06 22:18:38'),(0000000717,'YP1WX8681IC551131',0000000684,016,0000000715,'2022-05-06 22:21:43'),(0000000718,'HF1GU1279KJ601853',0000000037,009,0000000716,'2022-05-06 22:24:15'),(0000000719,'VY2OX9846ZZ977600',0000000008,019,0000000717,'2022-05-06 22:32:06'),(0000000720,'YO9BL0976YW469828',0000000598,004,0000000718,'2022-05-06 22:41:35'),(0000000721,'UQ7WD9616ZY662247',0000000003,012,0000000719,'2022-05-06 22:51:06'),(0000000739,'DL7PP2252LL889037',0000000978,005,0000000739,'2022-05-13 17:15:16'),(0000000740,'MH9ZC4095SC338244',0000000926,016,0000000740,'2022-05-13 17:19:57'),(0000000741,'KW0WC9243QD714059',0000000271,012,0000000741,'2022-05-13 17:21:47'),(0000000742,'YP1WX8681IC551131',0000000121,005,0000000742,'2022-05-13 17:34:58'),(0000000743,'AA9SS3649RK016585',0000000915,014,0000000743,'2022-05-13 17:47:48'),(0000000744,'TP7SM2644BT603585',0000000217,011,0000000744,'2022-05-13 18:00:52'),(0000000745,'HF2PG4406AH429205',0000000658,014,0000000745,'2022-05-13 18:05:41'),(0000000746,'OO2HW4425DC975726',0000000301,014,0000000746,'2022-05-13 18:16:59'),(0000000747,'LX2SQ1565PK173401',0000000976,005,0000000747,'2022-05-13 18:17:26'),(0000000748,'UU6QK0273EX072107',0000000154,009,0000000748,'2022-05-13 18:25:22'),(0000000749,'NE4OM7171KR170357',0000000181,015,0000000749,'2022-05-13 18:27:04'),(0000000750,'VY2OX9846ZZ977600',0000000971,005,0000000750,'2022-05-13 18:29:20'),(0000000751,'XG5FF4751LP512519',0000000955,020,0000000751,'2022-05-13 18:47:04'),(0000000752,'AE6XO9187BF879440',0000000503,018,0000000752,'2022-05-13 18:58:36'),(0000000753,'AA0DO4492SS388054',0000000328,013,0000000753,'2022-05-13 19:18:58'),(0000000754,'SG2JD6517NI034152',0000000245,015,0000000754,'2022-05-13 20:02:49'),(0000000755,'KW0WA4299AC412017',0000000993,018,0000000755,'2022-05-13 20:09:05'),(0000000756,'QY8JH3827VZ301473',0000000873,009,0000000756,'2022-05-13 20:12:15'),(0000000757,'EV5GP1130DP518924',0000000865,012,0000000757,'2022-05-13 20:13:53'),(0000000758,'EP5UI3780QZ017171',0000000555,002,0000000758,'2022-05-13 20:16:21'),(0000000759,'LZ5YX6789BP660219',0000000161,020,0000000759,'2022-05-13 20:20:30'),(0000000760,'LX1BW1399WN917373',0000000941,010,0000000760,'2022-05-13 20:21:29'),(0000000761,'NI0LB8062IU939574',0000000811,016,0000000761,'2022-05-13 20:38:09'),(0000000762,'QX5EB8100UV890224',0000000009,004,0000000762,'2022-05-13 20:50:23'),(0000000763,'IN6PA4097RG125192',0000000247,011,0000000763,'2022-05-13 21:22:20'),(0000000764,'NP3ZX4703NO258513',0000000142,009,0000000764,'2022-05-13 21:33:25'),(0000000765,'VB7PS7552PF129782',0000000552,016,0000000765,'2022-05-13 21:35:29'),(0000000766,'XM6XN8702CR029920',0000000915,017,0000000766,'2022-05-13 21:47:49'),(0000000767,'HD7MA7551AP023977',0000000605,005,0000000767,'2022-05-13 21:52:33'),(0000000768,'JM3GH6549FG593789',0000000826,002,0000000768,'2022-05-13 22:15:29'),(0000000769,'DN0YJ1488OI002111',0000000325,009,0000000769,'2022-05-13 22:20:30'),(0000000770,'YO9BL0976YW469828',0000000562,019,0000000770,'2022-05-13 22:23:10'),(0000000771,'YN6RM3496KB098398',0000000897,011,0000000771,'2022-05-13 22:48:11'),(0000000772,'FZ2GN8864NG512505',0000000439,013,0000000772,'2022-05-13 22:52:23'),(0000000773,'DQ7SM1456KE664461',0000000169,002,0000000773,'2022-05-13 22:59:56'),(0000000802,'IN6PA4097RG125192',0000000062,002,0000000802,'2022-05-20 17:13:47'),(0000000803,'TP7SM2644BT603585',0000000469,016,0000000803,'2022-05-20 17:29:25'),(0000000804,'JM3GH6549FG593789',0000000398,018,0000000804,'2022-05-20 17:39:47'),(0000000805,'HD8AJ8076YU148853',0000000166,010,0000000805,'2022-05-20 17:55:45'),(0000000806,'DK6ZY8488OG641336',0000000894,015,0000000806,'2022-05-20 18:09:11'),(0000000807,'KT6VG7826OV342700',0000000051,010,0000000807,'2022-05-20 18:21:27'),(0000000808,'BD4YK0171IJ806160',0000000381,015,0000000808,'2022-05-20 19:15:51'),(0000000809,'QU9QD8910SJ757079',0000000258,004,0000000809,'2022-05-20 19:21:22'),(0000000810,'EP5UI3780QZ017171',0000000414,013,0000000810,'2022-05-20 20:18:21'),(0000000811,'DQ7SM1456KE664461',0000000469,004,0000000811,'2022-05-20 20:20:51'),(0000000812,'JN5JA0020NL614111',0000000681,009,0000000812,'2022-05-20 20:40:26'),(0000000813,'RD7JN5245JF936107',0000000528,008,0000000813,'2022-05-20 20:47:28'),(0000000814,'LX1BW1399WN917373',0000000016,020,0000000814,'2022-05-20 21:10:12'),(0000000815,'DO3DQ8250PW489239',0000000059,002,0000000815,'2022-05-20 21:54:03'),(0000000816,'GX8OE2524QS699675',0000000583,009,0000000816,'2022-05-20 21:59:36'),(0000000817,'XM6XN8702CR029920',0000000728,014,0000000817,'2022-05-20 22:17:20'),(0000000818,'ET2CR1664DL741349',0000000869,012,0000000818,'2022-05-20 22:25:29'),(0000000819,'KT6XN0432CX127774',0000000558,016,0000000819,'2022-05-20 22:29:49'),(0000000820,'QX6QF1250SJ757889',0000000633,008,0000000820,'2022-05-20 22:53:14'),(0000000821,'QC5KJ6360FD937874',0000000335,008,0000000821,'2022-05-20 22:59:36'),(0000000833,'KW0WA4299AC412017',0000000627,017,0000000833,'2022-05-27 17:14:27'),(0000000834,'IM3IN7147GE128442',0000000609,008,0000000834,'2022-05-27 17:27:46'),(0000000835,'DO3DQ8250PW489239',0000000581,013,0000000835,'2022-05-27 17:33:56'),(0000000836,'UU6QK0273EX072107',0000000738,017,0000000836,'2022-05-27 17:35:56'),(0000000837,'ZP0RE7169PG314937',0000000306,018,0000000837,'2022-05-27 17:42:54'),(0000000838,'ET1UJ4098CB097944',0000001000,011,0000000838,'2022-05-27 18:12:52'),(0000000839,'HD8AJ8076YU148853',0000000512,018,0000000839,'2022-05-27 18:13:39'),(0000000840,'KT6VG7826OV342700',0000000269,020,0000000840,'2022-05-27 18:28:42'),(0000000841,'DK6ZY8488OG641336',0000000242,013,0000000841,'2022-05-27 18:33:23'),(0000000842,'PX6QD8701RU926111',0000000888,009,0000000842,'2022-05-27 18:35:14'),(0000000843,'XG5FF4751LP512519',0000000790,013,0000000843,'2022-05-27 18:50:48'),(0000000844,'VA5QN6839ZW474111',0000000795,006,0000000844,'2022-05-27 19:02:35'),(0000000845,'WA4HC6844EJ241493',0000000886,013,0000000845,'2022-05-27 19:26:50'),(0000000846,'OO2HW4425DC975726',0000000691,013,0000000846,'2022-05-27 19:48:58'),(0000000847,'YP1WX8681IC551131',0000000025,006,0000000847,'2022-05-27 20:00:32'),(0000000848,'FY9CM1461PP106360',0000000507,017,0000000848,'2022-05-27 20:08:13'),(0000000849,'KW0WC9243QD714059',0000000968,005,0000000849,'2022-05-27 20:21:15'),(0000000850,'DN0YJ1488OI002111',0000000433,008,0000000850,'2022-05-27 20:33:52'),(0000000851,'VA5XT0811OH640152',0000000836,015,0000000851,'2022-05-27 20:50:47'),(0000000852,'HD7MA7551AP023977',0000000100,018,0000000852,'2022-05-27 20:59:21'),(0000000853,'FW7BE6757DI212781',0000000525,016,0000000853,'2022-05-27 21:07:54'),(0000000854,'BG9CP7889ZC529675',0000000957,003,0000000854,'2022-05-27 21:11:31'),(0000000855,'YN6RM3496KB098398',0000000666,005,0000000855,'2022-05-27 21:35:06'),(0000000856,'NE4OM7171KR170357',0000000702,017,0000000856,'2022-05-27 21:35:46'),(0000000857,'SG2JD6517NI034152',0000000686,017,0000000857,'2022-05-27 21:47:01'),(0000000858,'EM9NN0604AT737496',0000000372,013,0000000858,'2022-05-27 21:49:04'),(0000000859,'BF8OH7925EA602262',0000000424,011,0000000859,'2022-05-27 21:54:17'),(0000000860,'AA0DO4492SS388054',0000000364,002,0000000860,'2022-05-27 21:55:12'),(0000000861,'KR1UN2589DT336194',0000000501,016,0000000861,'2022-05-27 22:13:54'),(0000000862,'PA2IT7545ID703433',0000000752,011,0000000862,'2022-05-27 22:21:21'),(0000000863,'EP5UL7495ZD740620',0000000115,002,0000000863,'2022-05-27 22:24:00'),(0000000864,'KV0PV3428MU531558',0000000432,005,0000000864,'2022-05-27 22:37:46'),(0000000865,'RD7JN5245JF936107',0000000819,011,0000000865,'2022-05-27 22:39:20'),(0000000866,'UQ7WD9616ZY662247',0000000696,012,0000000866,'2022-05-27 22:52:57'),(0000000896,'AE6XO9187BF879440',0000000346,016,0000000896,'2022-06-03 17:06:18'),(0000000897,'RY7BX3292FK369015',0000000966,003,0000000897,'2022-06-03 17:22:48'),(0000000898,'UU6QK0273EX072107',0000000136,004,0000000898,'2022-06-03 17:49:33'),(0000000899,'WB7KW1127EM885115',0000000824,002,0000000899,'2022-06-03 18:07:47'),(0000000900,'PA2IT7545ID703433',0000000730,015,0000000900,'2022-06-03 18:16:39'),(0000000901,'BD4YK0171IJ806160',0000000395,010,0000000901,'2022-06-03 18:48:11'),(0000000902,'DN2MT2192NS095902',0000000078,017,0000000902,'2022-06-03 18:53:01'),(0000000903,'DL7PP2252LL889037',0000000562,002,0000000903,'2022-06-03 18:53:31'),(0000000904,'DO3DQ8250PW489239',0000000450,007,0000000904,'2022-06-03 19:21:16'),(0000000905,'KA8JD6965XS838315',0000000732,013,0000000905,'2022-06-03 19:52:01'),(0000000906,'QX6QF1250SJ757889',0000000728,016,0000000906,'2022-06-03 19:52:44'),(0000000907,'ET1UJ4098CB097944',0000000446,014,0000000907,'2022-06-03 19:54:00'),(0000000908,'ZO8JL1472ZG277734',0000000851,004,0000000908,'2022-06-03 20:12:40'),(0000000909,'IN6PA4097RG125192',0000000203,006,0000000909,'2022-06-03 20:18:15'),(0000000910,'NI0LB8062IU939574',0000000069,008,0000000910,'2022-06-03 20:34:32'),(0000000911,'DL7JP9048DZ453833',0000000963,010,0000000911,'2022-06-03 20:35:40'),(0000000912,'AA0DO4492SS388054',0000000877,013,0000000912,'2022-06-03 20:37:15'),(0000000913,'VY2OX9846ZZ977600',0000000211,018,0000000913,'2022-06-03 21:28:14'),(0000000914,'UQ7WD9616ZY662247',0000000324,002,0000000914,'2022-06-03 22:11:54'),(0000000915,'PX6QD8701RU926111',0000000693,004,0000000915,'2022-06-03 22:20:21'),(0000000916,'YK1LW9363TS238251',0000000400,015,0000000916,'2022-06-03 22:32:33'),(0000000917,'RD7JN5245JF936107',0000000570,004,0000000917,'2022-06-03 22:38:29'),(0000000918,'HJ8IA1678ED265990',0000000309,017,0000000918,'2022-06-03 22:52:18'),(0000000927,'RD7JN5245JF936107',0000000187,014,0000000927,'2022-06-10 17:09:37'),(0000000928,'HF2PG4406AH429205',0000000676,020,0000000928,'2022-06-10 17:11:11'),(0000000929,'KV0PV3428MU531558',0000000767,013,0000000929,'2022-06-10 17:15:02'),(0000000930,'DL7JP9048DZ453833',0000000451,016,0000000930,'2022-06-10 17:26:28'),(0000000931,'PA2IT7545ID703433',0000000076,017,0000000931,'2022-06-10 18:03:09'),(0000000932,'HJ8IA1678ED265990',0000000755,017,0000000932,'2022-06-10 18:31:08'),(0000000933,'GX8OE2524QS699675',0000000027,020,0000000933,'2022-06-10 18:36:59'),(0000000934,'VC0TQ0292FI152709',0000000083,010,0000000934,'2022-06-10 18:46:09'),(0000000935,'JM3GH6549FG593789',0000000805,008,0000000935,'2022-06-10 18:47:24'),(0000000936,'DK6ZY8488OG641336',0000000223,016,0000000936,'2022-06-10 19:05:01'),(0000000937,'BC4TO5106BM270965',0000000232,017,0000000937,'2022-06-10 19:06:30'),(0000000938,'FZ2GN8864NG512505',0000000074,002,0000000938,'2022-06-10 19:30:54'),(0000000939,'BG9CP7889ZC529675',0000000380,020,0000000939,'2022-06-10 19:35:54'),(0000000940,'DQ7SM1456KE664461',0000000164,001,0000000940,'2022-06-10 19:44:04'),(0000000941,'LX1BW1399WN917373',0000000266,001,0000000941,'2022-06-10 19:47:10'),(0000000942,'KW0WA4299AC412017',0000000672,017,0000000942,'2022-06-10 20:01:13'),(0000000943,'UQ7WD9616ZY662247',0000000545,003,0000000943,'2022-06-10 20:05:37'),(0000000944,'AA0DO4492SS388054',0000000532,007,0000000944,'2022-06-10 20:23:29'),(0000000945,'DL7PP2252LL889037',0000000777,012,0000000945,'2022-06-10 20:26:29'),(0000000946,'XG5FF4751LP512519',0000000075,001,0000000946,'2022-06-10 20:29:22'),(0000000947,'ET2CR1664DL741349',0000000118,017,0000000947,'2022-06-10 20:37:52'),(0000000948,'DN2MT2192NS095902',0000001000,016,0000000948,'2022-06-10 20:56:14'),(0000000949,'KT6VG7826OV342700',0000000826,001,0000000949,'2022-06-10 21:07:18'),(0000000950,'SG2JD6517NI034152',0000000448,016,0000000950,'2022-06-10 21:37:11'),(0000000951,'RY7BX3292FK369015',0000000096,013,0000000951,'2022-06-10 21:54:57'),(0000000952,'YP1WX8681IC551131',0000000624,003,0000000952,'2022-06-10 22:27:27'),(0000000953,'BD4YK0171IJ806160',0000000589,004,0000000953,'2022-06-10 22:44:13'),(0000000954,'DM0RH4166MJ493815',0000000663,003,0000000954,'2022-06-10 22:47:37'),(0000000955,'KA8JD6965XS838315',0000000060,004,0000000955,'2022-06-10 22:50:56'),(0000000958,'DM0RH4166MJ493815',0000000315,010,0000000958,'2022-06-17 17:11:57'),(0000000959,'HF2PG4406AH429205',0000000650,003,0000000959,'2022-06-17 17:25:59'),(0000000960,'FZ2GN8864NG512505',0000000594,018,0000000960,'2022-06-17 17:46:53'),(0000000961,'KR1UN2589DT336194',0000000029,004,0000000961,'2022-06-17 18:29:49'),(0000000962,'QU9QD8910SJ757079',0000000473,017,0000000962,'2022-06-17 18:36:55'),(0000000963,'HD8AJ8076YU148853',0000000988,003,0000000963,'2022-06-17 18:48:40'),(0000000964,'EM9NN0604AT737496',0000000548,015,0000000964,'2022-06-17 18:59:29'),(0000000965,'YK1LW9363TS238251',0000000497,009,0000000965,'2022-06-17 19:02:23'),(0000000966,'HD7MA7551AP023977',0000000450,017,0000000966,'2022-06-17 19:18:01'),(0000000967,'BF8OH7925EA602262',0000000622,015,0000000967,'2022-06-17 19:23:35'),(0000000968,'OO2HW4425DC975726',0000000530,005,0000000968,'2022-06-17 19:36:52'),(0000000969,'SK8BT5334IF194473',0000000088,010,0000000969,'2022-06-17 19:41:39'),(0000000970,'LX1BW1399WN917373',0000000488,005,0000000970,'2022-06-17 19:53:21'),(0000000971,'ZV2XT9436CL956807',0000000968,011,0000000971,'2022-06-17 20:09:29'),(0000000972,'SG2JD6517NI034152',0000000620,005,0000000972,'2022-06-17 20:11:15'),(0000000973,'NI0LB8062IU939574',0000000991,020,0000000973,'2022-06-17 20:12:42'),(0000000974,'VA5QN6839ZW474111',0000000580,005,0000000974,'2022-06-17 20:28:35'),(0000000975,'WA4HC6844EJ241493',0000000474,013,0000000975,'2022-06-17 20:33:41'),(0000000976,'GC7LW1950FB723002',0000000732,014,0000000976,'2022-06-17 20:40:25'),(0000000977,'DL7PP2252LL889037',0000000918,014,0000000977,'2022-06-17 20:51:12'),(0000000978,'GE0PZ1751HA292370',0000000455,006,0000000978,'2022-06-17 20:51:32'),(0000000979,'EV5GP1130DP518924',0000000780,005,0000000979,'2022-06-17 20:57:24'),(0000000980,'FW7BE6757DI212781',0000000770,009,0000000980,'2022-06-17 21:03:21'),(0000000981,'AA9SS3649RK016585',0000000434,012,0000000981,'2022-06-17 21:12:17'),(0000000982,'IM3IN7147GE128442',0000000409,017,0000000982,'2022-06-17 21:27:07'),(0000000983,'DO3DQ8250PW489239',0000000544,020,0000000983,'2022-06-17 21:32:44'),(0000000984,'MH0GF2700EN111473',0000000566,019,0000000984,'2022-06-17 21:53:19'),(0000000985,'EP5UL7495ZD740620',0000000850,017,0000000985,'2022-06-17 22:09:02'),(0000000986,'ZO8JL1472ZG277734',0000000017,007,0000000986,'2022-06-17 22:14:08'),(0000000987,'RD7JN5245JF936107',0000000151,017,0000000987,'2022-06-17 22:16:09'),(0000000988,'NP3ZX4703NO258513',0000000961,014,0000000988,'2022-06-17 22:18:15'),(0000000989,'JM3GH6549FG593789',0000000410,003,0000000989,'2022-06-17 22:24:48'),(0000000990,'BD4YK0171IJ806160',0000000885,008,0000000990,'2022-06-17 22:40:12'),(0000000991,'CG0ME5939OY920618',0000000920,020,0000000991,'2022-06-17 22:44:21'),(0000000992,'VA5XT0811OH640152',0000000601,003,0000000992,'2022-06-17 22:46:22'),(0000001021,'DN2MT2192NS095902',0000000681,007,0000001021,'2022-06-24 18:07:23'),(0000001022,'II6DU5460DP572056',0000000033,014,0000001022,'2022-06-24 19:02:42'),(0000001023,'HD8AJ8076YU148853',0000000913,011,0000001023,'2022-06-24 19:08:13'),(0000001024,'DL7PP2252LL889037',0000000677,008,0000001024,'2022-06-24 19:11:04'),(0000001025,'IN6PA4097RG125192',0000000061,008,0000001025,'2022-06-24 20:50:06'),(0000001026,'JM3GH6549FG593789',0000000514,010,0000001026,'2022-06-24 21:04:28'),(0000001027,'BC4TO5106BM270965',0000000301,006,0000001027,'2022-06-24 22:05:22'),(0000001028,'DN0YJ1488OI002111',0000000837,004,0000001028,'2022-06-24 22:51:39'),(0000001036,'KV0PV3428MU531558',0000000373,014,0000001036,'2022-07-01 17:11:48'),(0000001037,'YO9BL0976YW469828',0000000184,001,0000001037,'2022-07-01 17:17:29'),(0000001038,'FW7BE6757DI212781',0000000629,017,0000001038,'2022-07-01 17:27:18'),(0000001039,'ET2CR1664DL741349',0000000531,005,0000001039,'2022-07-01 17:34:14'),(0000001040,'VC0TQ0292FI152709',0000000244,011,0000001040,'2022-07-01 18:09:39'),(0000001041,'EM9NN0604AT737496',0000000833,017,0000001041,'2022-07-01 18:20:02'),(0000001042,'NP3ZX4703NO258513',0000000284,017,0000001042,'2022-07-01 18:37:22'),(0000001043,'KW0WC9243QD714059',0000000055,016,0000001043,'2022-07-01 18:54:15'),(0000001044,'FY9CM1461PP106360',0000000958,005,0000001044,'2022-07-01 19:16:30'),(0000001045,'NI0LB8062IU939574',0000000406,010,0000001045,'2022-07-01 19:40:08'),(0000001046,'VB7PS7552PF129782',0000000453,005,0000001046,'2022-07-01 19:52:40'),(0000001047,'DL7PP2252LL889037',0000000692,018,0000001047,'2022-07-01 19:57:51'),(0000001048,'MH0GF2700EN111473',0000000226,007,0000001048,'2022-07-01 20:03:19'),(0000001049,'XK4UT3618OK340098',0000000985,020,0000001049,'2022-07-01 20:25:45'),(0000001050,'AE6XO9187BF879440',0000000048,015,0000001050,'2022-07-01 20:48:25'),(0000001051,'DN2MT2192NS095902',0000000570,001,0000001051,'2022-07-01 20:52:10'),(0000001052,'HF1GU1279KJ601853',0000000084,015,0000001052,'2022-07-01 21:01:05'),(0000001053,'RY7BX3292FK369015',0000000084,019,0000001053,'2022-07-01 21:08:28'),(0000001054,'EV5GP1130DP518924',0000000945,019,0000001054,'2022-07-01 21:17:41'),(0000001055,'IN6PA4097RG125192',0000000324,001,0000001055,'2022-07-01 21:19:26'),(0000001056,'BC4TO5106BM270965',0000000948,001,0000001056,'2022-07-01 21:20:11'),(0000001057,'KT6XN0432CX127774',0000000947,012,0000001057,'2022-07-01 21:34:08'),(0000001058,'BG9CP7889ZC529675',0000000056,014,0000001058,'2022-07-01 21:58:40'),(0000001059,'JU8TG0239UZ590375',0000000553,003,0000001059,'2022-07-01 22:03:55'),(0000001060,'OO2HW4425DC975726',0000000938,004,0000001060,'2022-07-01 22:07:50'),(0000001061,'JM3GH6549FG593789',0000000542,018,0000001061,'2022-07-01 22:12:57'),(0000001062,'LX1BW1399WN917373',0000000776,004,0000001062,'2022-07-01 22:22:38'),(0000001063,'ZO8JL1472ZG277734',0000000666,009,0000001063,'2022-07-01 22:27:14'),(0000001064,'QY8JH3827VZ301473',0000000633,007,0000001064,'2022-07-01 22:27:34'),(0000001065,'RC5HY8323WH831903',0000000480,018,0000001065,'2022-07-01 22:56:37'),(0000001067,'VA5XT0811OH640152',0000000164,009,0000001067,'2022-07-08 17:13:15'),(0000001068,'EV6TT5593YN728793',0000000209,011,0000001068,'2022-07-08 17:14:35'),(0000001069,'EP5UL7495ZD740620',0000000625,011,0000001069,'2022-07-08 17:27:44'),(0000001070,'WA4KM2530YT926699',0000000167,002,0000001070,'2022-07-08 17:38:04'),(0000001071,'CG0ME5939OY920618',0000000699,012,0000001071,'2022-07-08 17:47:50'),(0000001072,'DN2MT2192NS095902',0000000172,017,0000001072,'2022-07-08 18:10:54'),(0000001073,'DO3DQ8250PW489239',0000000953,005,0000001073,'2022-07-08 18:12:40'),(0000001074,'KR1UN2589DT336194',0000000855,016,0000001074,'2022-07-08 18:18:01'),(0000001075,'ET2CR1664DL741349',0000000453,012,0000001075,'2022-07-08 18:25:30'),(0000001076,'RY7BX3292FK369015',0000000028,011,0000001076,'2022-07-08 18:38:45'),(0000001077,'LZ5YX6789BP660219',0000000124,009,0000001077,'2022-07-08 18:47:55'),(0000001078,'KA8JD6965XS838315',0000000781,006,0000001078,'2022-07-08 19:19:29'),(0000001079,'VA5QN6839ZW474111',0000000908,012,0000001079,'2022-07-08 19:29:54'),(0000001080,'NN0VY2318LV854489',0000000138,016,0000001080,'2022-07-08 19:31:03'),(0000001081,'DL7PP2252LL889037',0000000197,020,0000001081,'2022-07-08 19:52:25'),(0000001082,'VY2OX9846ZZ977600',0000000613,012,0000001082,'2022-07-08 20:01:58'),(0000001083,'PA2IT7545ID703433',0000000275,007,0000001083,'2022-07-08 20:10:59'),(0000001084,'HF2PG4406AH429205',0000000450,011,0000001084,'2022-07-08 20:13:53'),(0000001085,'HD7MA7551AP023977',0000000445,013,0000001085,'2022-07-08 20:18:17'),(0000001086,'BD4YK0171IJ806160',0000000321,012,0000001086,'2022-07-08 20:18:39'),(0000001087,'MH9ZC4095SC338244',0000000496,016,0000001087,'2022-07-08 20:19:56'),(0000001088,'HD8AJ8076YU148853',0000000630,010,0000001088,'2022-07-08 20:23:44'),(0000001089,'RD7JN5245JF936107',0000000193,002,0000001089,'2022-07-08 20:24:24'),(0000001090,'KT6VG7826OV342700',0000000073,018,0000001090,'2022-07-08 20:26:52'),(0000001091,'EM9NN0604AT737496',0000000075,010,0000001091,'2022-07-08 20:28:49'),(0000001092,'UX0SG2301TG984740',0000000297,012,0000001092,'2022-07-08 20:48:32'),(0000001093,'ON9ZG1264GA376998',0000000117,010,0000001093,'2022-07-08 20:52:14'),(0000001094,'AA9SS3649RK016585',0000000275,019,0000001094,'2022-07-08 20:56:23'),(0000001095,'GE0PZ1751HA292370',0000000018,001,0000001095,'2022-07-08 20:56:41'),(0000001096,'DL7JP9048DZ453833',0000000528,010,0000001096,'2022-07-08 21:28:02'),(0000001097,'RG3WH9712RU899210',0000000418,001,0000001097,'2022-07-08 21:30:37'),(0000001098,'WB7KW1127EM885115',0000000868,002,0000001098,'2022-07-08 21:44:07'),(0000001099,'GC7LW1950FB723002',0000000586,012,0000001099,'2022-07-08 22:24:33'),(0000001130,'ZO8JL1472ZG277734',0000000949,003,0000001130,'2022-07-15 17:23:02'),(0000001131,'SK8BT5334IF194473',0000000887,005,0000001131,'2022-07-15 17:31:30'),(0000001132,'JM3GH6549FG593789',0000000269,002,0000001132,'2022-07-15 17:39:33'),(0000001133,'DL7PP2252LL889037',0000000252,012,0000001133,'2022-07-15 17:44:14'),(0000001134,'DK6ZY8488OG641336',0000000669,003,0000001134,'2022-07-15 17:58:41'),(0000001135,'VB7PS7552PF129782',0000000836,012,0000001135,'2022-07-15 17:58:56'),(0000001136,'DL7JP9048DZ453833',0000000440,002,0000001136,'2022-07-15 18:01:24'),(0000001137,'TP7SM2644BT603585',0000000451,014,0000001137,'2022-07-15 18:07:51'),(0000001138,'QX6QF1250SJ757889',0000000008,003,0000001138,'2022-07-15 18:24:10'),(0000001139,'KW0WC9243QD714059',0000000613,009,0000001139,'2022-07-15 18:37:23'),(0000001140,'GX8OE2524QS699675',0000000773,006,0000001140,'2022-07-15 18:49:02'),(0000001141,'EM9NN0604AT737496',0000000161,018,0000001141,'2022-07-15 18:53:40'),(0000001142,'MH9ZC4095SC338244',0000000785,017,0000001142,'2022-07-15 19:30:54'),(0000001143,'DN2MT2192NS095902',0000000473,002,0000001143,'2022-07-15 19:46:30'),(0000001144,'ZV2XT9436CL956807',0000000043,018,0000001144,'2022-07-15 19:47:57'),(0000001145,'ET2CR1664DL741349',0000000709,004,0000001145,'2022-07-15 19:49:16'),(0000001146,'IM3IN7147GE128442',0000000291,003,0000001146,'2022-07-15 19:53:25'),(0000001147,'KW0WA4299AC412017',0000000180,007,0000001147,'2022-07-15 19:54:53'),(0000001148,'HD7MA7551AP023977',0000000615,018,0000001148,'2022-07-15 19:55:29'),(0000001149,'DQ7SM1456KE664461',0000000669,014,0000001149,'2022-07-15 20:03:51'),(0000001150,'EV6TT5593YN728793',0000000169,013,0000001150,'2022-07-15 20:05:00'),(0000001151,'BF8OH7925EA602262',0000000783,002,0000001151,'2022-07-15 20:14:49'),(0000001152,'FW7BE6757DI212781',0000000103,002,0000001152,'2022-07-15 20:23:44'),(0000001153,'UQ7WD9616ZY662247',0000000576,001,0000001153,'2022-07-15 20:42:02'),(0000001154,'MH0GF2700EN111473',0000000367,016,0000001154,'2022-07-15 21:02:48'),(0000001155,'QC5KJ6360FD937874',0000000216,011,0000001155,'2022-07-15 21:14:27'),(0000001156,'FY9CM1461PP106360',0000000106,013,0000001156,'2022-07-15 21:34:08'),(0000001157,'GC7LW1950FB723002',0000000095,003,0000001157,'2022-07-15 21:40:12'),(0000001158,'BC4TO5106BM270965',0000000357,001,0000001158,'2022-07-15 21:47:59'),(0000001159,'EP5UI3780QZ017171',0000000225,015,0000001159,'2022-07-15 21:48:16'),(0000001160,'HD8AJ8076YU148853',0000000249,004,0000001160,'2022-07-15 21:49:47'),(0000001161,'RY7BX3292FK369015',0000000924,009,0000001161,'2022-07-15 22:02:09'),(0000001162,'II6DU5460DP572056',0000000402,004,0000001162,'2022-07-15 22:03:28'),(0000001163,'RC5HY8323WH831903',0000000875,009,0000001163,'2022-07-15 22:08:21'),(0000001164,'QU9QD8910SJ757079',0000000775,016,0000001164,'2022-07-15 22:08:50'),(0000001165,'WA4KM2530YT926699',0000000338,011,0000001165,'2022-07-15 22:10:50'),(0000001166,'AA9SS3649RK016585',0000000338,015,0000001166,'2022-07-15 22:14:32'),(0000001167,'ZP0RE7169PG314937',0000000712,002,0000001167,'2022-07-15 22:18:11'),(0000001168,'JU8TG0239UZ590375',0000000759,013,0000001168,'2022-07-15 22:20:37'),(0000001169,'LX1BW1399WN917373',0000000673,015,0000001169,'2022-07-15 22:22:53'),(0000001170,'AA0DO4492SS388054',0000000337,011,0000001170,'2022-07-15 22:29:22'),(0000001171,'NM7EU3389KD406055',0000000420,002,0000001171,'2022-07-15 22:51:21'),(0000001172,'KV0PV3428MU531558',0000000256,001,0000001172,'2022-07-15 22:53:09'),(0000001193,'BD4YK0171IJ806160',0000000241,010,0000001193,'2022-07-22 17:07:51'),(0000001194,'UU6QK0273EX072107',0000000980,018,0000001194,'2022-07-22 17:18:22'),(0000001195,'NI0LB8062IU939574',0000000422,016,0000001195,'2022-07-22 18:49:31'),(0000001196,'RY7BX3292FK369015',0000000108,020,0000001196,'2022-07-22 19:32:03'),(0000001197,'EM9NN0604AT737496',0000000732,013,0000001197,'2022-07-22 20:26:13'),(0000001198,'KA8JD6965XS838315',0000000598,011,0000001198,'2022-07-22 20:38:49'),(0000001199,'BF8OH7925EA602262',0000000436,014,0000001199,'2022-07-22 21:02:59'),(0000001200,'WA4KM2530YT926699',0000000765,002,0000001200,'2022-07-22 21:07:32'),(0000001201,'LX2SQ1565PK173401',0000000511,007,0000001201,'2022-07-22 21:37:58'),(0000001202,'QX5EB8100UV890224',0000000770,003,0000001202,'2022-07-22 21:57:09'),(0000001203,'EP5UL7495ZD740620',0000000185,017,0000001203,'2022-07-22 22:17:55'),(0000001204,'NN0VY2318LV854489',0000000791,015,0000001204,'2022-07-22 22:34:34'),(0000001205,'JM3GH6549FG593789',0000000593,001,0000001205,'2022-07-22 22:56:37'),(0000001208,'WA4KM2530YT926699',0000000640,009,0000001208,'2022-07-29 17:06:24'),(0000001209,'JU8TG0239UZ590375',0000000861,003,0000001209,'2022-07-29 17:24:21'),(0000001210,'QX5EB8100UV890224',0000000103,011,0000001210,'2022-07-29 17:28:21'),(0000001211,'GX8OE2524QS699675',0000000526,008,0000001211,'2022-07-29 17:31:40'),(0000001212,'HF1GU1279KJ601853',0000000044,006,0000001212,'2022-07-29 17:32:03'),(0000001213,'II6DU5460DP572056',0000000268,015,0000001213,'2022-07-29 17:58:16'),(0000001214,'RD7JN5245JF936107',0000000818,007,0000001214,'2022-07-29 18:05:10'),(0000001215,'UQ7WD9616ZY662247',0000000653,006,0000001215,'2022-07-29 18:08:35'),(0000001216,'ZP0RE7169PG314937',0000000505,007,0000001216,'2022-07-29 18:13:30'),(0000001217,'KA8JD6965XS838315',0000000559,008,0000001217,'2022-07-29 18:15:52'),(0000001218,'DL7JP9048DZ453833',0000000886,005,0000001218,'2022-07-29 18:20:20'),(0000001219,'XM6XN8702CR029920',0000000165,012,0000001219,'2022-07-29 18:30:14'),(0000001220,'EM9NN0604AT737496',0000000421,003,0000001220,'2022-07-29 18:30:47'),(0000001221,'ZV2XT9436CL956807',0000000132,012,0000001221,'2022-07-29 18:41:46'),(0000001222,'BC4TO5106BM270965',0000000805,013,0000001222,'2022-07-29 19:17:52'),(0000001223,'AA0DO4492SS388054',0000000506,007,0000001223,'2022-07-29 19:20:50'),(0000001224,'QU9QD8910SJ757079',0000000360,002,0000001224,'2022-07-29 19:27:02'),(0000001225,'NE4OM7171KR170357',0000000479,014,0000001225,'2022-07-29 19:56:15'),(0000001226,'ET1UJ4098CB097944',0000000267,017,0000001226,'2022-07-29 20:04:24'),(0000001227,'WI9ZY6610NP303430',0000000856,003,0000001227,'2022-07-29 20:17:09'),(0000001228,'YK1LW9363TS238251',0000000037,010,0000001228,'2022-07-29 20:21:23'),(0000001229,'FY9CM1461PP106360',0000000053,014,0000001229,'2022-07-29 20:25:52'),(0000001230,'HJ8IA1678ED265990',0000000427,006,0000001230,'2022-07-29 21:34:09'),(0000001231,'DO3DQ8250PW489239',0000000919,005,0000001231,'2022-07-29 21:54:59'),(0000001232,'CG0ME5939OY920618',0000000586,019,0000001232,'2022-07-29 22:01:38'),(0000001233,'KT6VG7826OV342700',0000000914,003,0000001233,'2022-07-29 22:47:11'),(0000001239,'JM3GH6549FG593789',0000000046,011,0000001239,'2022-08-05 17:31:46'),(0000001240,'HJ8IA1678ED265990',0000000854,002,0000001240,'2022-08-05 17:47:02'),(0000001241,'RG3WH9712RU899210',0000000420,001,0000001241,'2022-08-05 18:02:57'),(0000001242,'KT6XN0432CX127774',0000000862,016,0000001242,'2022-08-05 18:15:52'),(0000001243,'XK4UT3618OK340098',0000000689,018,0000001243,'2022-08-05 18:44:58'),(0000001244,'LX2SQ1565PK173401',0000000005,005,0000001244,'2022-08-05 18:53:02'),(0000001245,'NM7EU3389KD406055',0000000834,018,0000001245,'2022-08-05 18:54:11'),(0000001246,'YP1WX8681IC551131',0000000984,008,0000001246,'2022-08-05 19:16:43'),(0000001247,'PA2IT7545ID703433',0000000027,020,0000001247,'2022-08-05 19:21:09'),(0000001248,'QY8JH3827VZ301473',0000000276,007,0000001248,'2022-08-05 19:38:09'),(0000001249,'VC0TQ0292FI152709',0000000536,005,0000001249,'2022-08-05 19:39:27'),(0000001250,'NP3ZX4703NO258513',0000000467,014,0000001250,'2022-08-05 20:12:44'),(0000001251,'WB7KW1127EM885115',0000000227,003,0000001251,'2022-08-05 20:13:06'),(0000001252,'HF2PG4406AH429205',0000000922,008,0000001252,'2022-08-05 20:15:54'),(0000001253,'DL7JP9048DZ453833',0000000867,016,0000001253,'2022-08-05 20:18:47'),(0000001254,'DM0RH4166MJ493815',0000000923,016,0000001254,'2022-08-05 20:37:17'),(0000001255,'KT6VG7826OV342700',0000000491,018,0000001255,'2022-08-05 20:46:15'),(0000001256,'ZO8JL1472ZG277734',0000000805,006,0000001256,'2022-08-05 20:52:57'),(0000001257,'YN6RM3496KB098398',0000000499,017,0000001257,'2022-08-05 21:00:47'),(0000001258,'JU8TG0239UZ590375',0000000887,003,0000001258,'2022-08-05 21:01:21'),(0000001259,'KR1UN2589DT336194',0000000697,010,0000001259,'2022-08-05 21:12:34'),(0000001260,'BF8OH7925EA602262',0000000696,012,0000001260,'2022-08-05 21:29:37'),(0000001261,'YK1LW9363TS238251',0000000878,015,0000001261,'2022-08-05 21:41:13'),(0000001262,'KW0WC9243QD714059',0000000444,006,0000001262,'2022-08-05 21:41:42'),(0000001263,'DN0YJ1488OI002111',0000000404,015,0000001263,'2022-08-05 22:14:00'),(0000001264,'IN6PA4097RG125192',0000000686,006,0000001264,'2022-08-05 22:25:46'),(0000001265,'XG5FF4751LP512519',0000000925,020,0000001265,'2022-08-05 22:39:06'),(0000001266,'AA0DO4492SS388054',0000000288,019,0000001266,'2022-08-05 22:39:29'),(0000001267,'JN5JA0020NL614111',0000000175,010,0000001267,'2022-08-05 22:50:36'),(0000001268,'VY2OX9846ZZ977600',0000000222,003,0000001268,'2022-08-05 22:55:18'),(0000001270,'SK8BT5334IF194473',0000000847,016,0000001270,'2022-08-12 18:01:40'),(0000001271,'DL7PP2252LL889037',0000000557,012,0000001271,'2022-08-12 18:13:08'),(0000001272,'ZO8JL1472ZG277734',0000000328,007,0000001272,'2022-08-12 18:39:20'),(0000001273,'VC0TQ0292FI152709',0000000274,003,0000001273,'2022-08-12 18:49:29'),(0000001274,'WI9ZY6610NP303430',0000000479,006,0000001274,'2022-08-12 18:53:04'),(0000001275,'EU3MI1714DE486827',0000000077,005,0000001275,'2022-08-12 18:58:13'),(0000001276,'UU6QK0273EX072107',0000000560,004,0000001276,'2022-08-12 19:25:38'),(0000001277,'CG0ME5939OY920618',0000000925,013,0000001277,'2022-08-12 19:30:17'),(0000001278,'GX8OE2524QS699675',0000000269,011,0000001278,'2022-08-12 19:45:23'),(0000001279,'YP1WX8681IC551131',0000000842,003,0000001279,'2022-08-12 19:49:10'),(0000001280,'BF8OH7925EA602262',0000000854,003,0000001280,'2022-08-12 19:50:00'),(0000001281,'DO3DQ8250PW489239',0000000890,015,0000001281,'2022-08-12 19:50:10'),(0000001282,'XM6XN8702CR029920',0000000349,008,0000001282,'2022-08-12 19:52:51'),(0000001283,'DI3QF1252LL926394',0000000454,011,0000001283,'2022-08-12 20:06:20'),(0000001284,'HF2PG4406AH429205',0000000197,005,0000001284,'2022-08-12 20:23:12'),(0000001285,'ON9ZG1264GA376998',0000000614,008,0000001285,'2022-08-12 20:31:07'),(0000001286,'QC5KJ6360FD937874',0000000350,020,0000001286,'2022-08-12 20:32:39'),(0000001287,'II6DU5460DP572056',0000000889,001,0000001287,'2022-08-12 20:39:34'),(0000001288,'KV0PV3428MU531558',0000000561,005,0000001288,'2022-08-12 20:42:40'),(0000001289,'HD8AJ8076YU148853',0000000495,008,0000001289,'2022-08-12 21:06:46'),(0000001290,'DN0YJ1488OI002111',0000000681,016,0000001290,'2022-08-12 21:16:51'),(0000001291,'QU9QD8910SJ757079',0000000096,019,0000001291,'2022-08-12 21:20:08'),(0000001292,'RG3WH9712RU899210',0000000094,001,0000001292,'2022-08-12 21:26:22'),(0000001293,'WA4HC6844EJ241493',0000000407,004,0000001293,'2022-08-12 21:47:44'),(0000001294,'NN0VY2318LV854489',0000000532,020,0000001294,'2022-08-12 21:50:04'),(0000001295,'LZ5YX6789BP660219',0000000295,012,0000001295,'2022-08-12 22:00:06'),(0000001296,'UQ7WD9616ZY662247',0000000916,016,0000001296,'2022-08-12 22:04:42'),(0000001297,'KT6VG7826OV342700',0000000727,019,0000001297,'2022-08-12 22:05:35'),(0000001298,'JU8TG0239UZ590375',0000000611,013,0000001298,'2022-08-12 22:06:41'),(0000001299,'QX6QF1250SJ757889',0000000666,018,0000001299,'2022-08-12 22:07:36'),(0000001300,'XG5FF4751LP512519',0000000622,015,0000001300,'2022-08-12 22:09:56'),(0000001301,'YO9BL0976YW469828',0000000206,012,0000001301,'2022-08-12 22:13:03'),(0000001302,'AA9SS3649RK016585',0000000947,005,0000001302,'2022-08-12 22:14:42'),(0000001303,'RD7JN5245JF936107',0000000641,010,0000001303,'2022-08-12 22:19:29'),(0000001304,'PA2IT7545ID703433',0000000375,006,0000001304,'2022-08-12 22:27:31'),(0000001305,'NI0LB8062IU939574',0000000681,016,0000001305,'2022-08-12 22:33:54'),(0000001306,'FW7BE6757DI212781',0000000083,018,0000001306,'2022-08-12 22:35:13'),(0000001307,'MH0GF2700EN111473',0000000916,012,0000001307,'2022-08-12 22:51:45'),(0000001308,'JM3GH6549FG593789',0000000930,001,0000001308,'2022-08-12 22:51:58'),(0000001333,'VY2OX9846ZZ977600',0000000623,010,0000001333,'2022-08-19 17:05:09'),(0000001334,'NP3ZX4703NO258513',0000000693,009,0000001334,'2022-08-19 17:07:29'),(0000001335,'SG2JD6517NI034152',0000000249,010,0000001335,'2022-08-19 17:31:01'),(0000001336,'CG0ME5939OY920618',0000000093,020,0000001336,'2022-08-19 17:33:08'),(0000001337,'EP5UL7495ZD740620',0000000551,006,0000001337,'2022-08-19 17:33:35'),(0000001338,'VA5QN6839ZW474111',0000000141,020,0000001338,'2022-08-19 17:59:31'),(0000001339,'XM6XN8702CR029920',0000000897,005,0000001339,'2022-08-19 18:15:22'),(0000001340,'LZ5YX6789BP660219',0000000095,004,0000001340,'2022-08-19 18:26:29'),(0000001341,'XG5FF4751LP512519',0000000458,020,0000001341,'2022-08-19 18:30:43'),(0000001342,'FY9CM1461PP106360',0000000444,009,0000001342,'2022-08-19 18:33:14'),(0000001343,'MH9ZC4095SC338244',0000000784,016,0000001343,'2022-08-19 18:49:00'),(0000001344,'DM0RH4166MJ493815',0000000276,013,0000001344,'2022-08-19 18:53:57'),(0000001345,'HD7MA7551AP023977',0000000065,018,0000001345,'2022-08-19 19:11:46'),(0000001346,'OO2HW4425DC975726',0000000176,015,0000001346,'2022-08-19 19:25:01'),(0000001347,'YO9BL0976YW469828',0000000886,003,0000001347,'2022-08-19 19:31:28'),(0000001348,'SN5ZK0009PE093965',0000000670,019,0000001348,'2022-08-19 19:37:23'),(0000001349,'PA2IT7545ID703433',0000000696,003,0000001349,'2022-08-19 19:41:17'),(0000001350,'RD7JN5245JF936107',0000000817,020,0000001350,'2022-08-19 19:48:53'),(0000001351,'UX0SG2301TG984740',0000000392,004,0000001351,'2022-08-19 19:52:06'),(0000001352,'KW0WC9243QD714059',0000000309,020,0000001352,'2022-08-19 20:13:02'),(0000001353,'VB7PS7552PF129782',0000000897,010,0000001353,'2022-08-19 20:14:42'),(0000001354,'AA0DO4492SS388054',0000000244,011,0000001354,'2022-08-19 20:20:51'),(0000001355,'DK6ZY8488OG641336',0000000586,004,0000001355,'2022-08-19 20:32:16'),(0000001356,'VA5XT0811OH640152',0000000954,017,0000001356,'2022-08-19 20:56:13'),(0000001357,'BG9CP7889ZC529675',0000000802,019,0000001357,'2022-08-19 21:12:59'),(0000001358,'FZ2GN8864NG512505',0000000194,008,0000001358,'2022-08-19 22:04:16'),(0000001359,'ZV2XT9436CL956807',0000000871,017,0000001359,'2022-08-19 22:08:08'),(0000001360,'UQ7WD9616ZY662247',0000000540,005,0000001360,'2022-08-19 22:28:06'),(0000001361,'YN6RM3496KB098398',0000000180,018,0000001361,'2022-08-19 22:30:51'),(0000001362,'EP5UI3780QZ017171',0000000705,017,0000001362,'2022-08-19 22:31:41'),(0000001363,'HF2PG4406AH429205',0000000939,015,0000001363,'2022-08-19 22:37:09'),(0000001364,'KV0PV3428MU531558',0000000781,020,0000001364,'2022-08-19 22:51:55'),(0000001365,'DL7JP9048DZ453833',0000000297,016,0000001365,'2022-08-19 22:59:18'),(0000001396,'PX6QD8701RU926111',0000000839,003,0000001396,'2022-08-26 17:11:25'),(0000001397,'KT6VG7826OV342700',0000000901,008,0000001397,'2022-08-26 17:33:40'),(0000001398,'RG3WH9712RU899210',0000000855,001,0000001398,'2022-08-26 17:34:41'),(0000001399,'BG9CP7889ZC529675',0000000455,012,0000001399,'2022-08-26 17:35:35'),(0000001400,'DO3DQ8250PW489239',0000000342,006,0000001400,'2022-08-26 17:46:04'),(0000001401,'EU3MI1714DE486827',0000000055,006,0000001401,'2022-08-26 17:48:01'),(0000001402,'HD7MA7551AP023977',0000000781,019,0000001402,'2022-08-26 17:48:58'),(0000001403,'DK6ZY8488OG641336',0000000298,001,0000001403,'2022-08-26 18:00:17'),(0000001404,'NP3ZX4703NO258513',0000000754,006,0000001404,'2022-08-26 18:00:45'),(0000001405,'HF1GU1279KJ601853',0000000555,008,0000001405,'2022-08-26 18:01:40'),(0000001406,'AA9SS3649RK016585',0000000180,002,0000001406,'2022-08-26 18:41:48'),(0000001407,'IN6PA4097RG125192',0000000670,009,0000001407,'2022-08-26 19:13:00'),(0000001408,'ET2CR1664DL741349',0000000650,007,0000001408,'2022-08-26 19:43:19'),(0000001409,'VA5QN6839ZW474111',0000000143,007,0000001409,'2022-08-26 19:48:51'),(0000001410,'LX2SQ1565PK173401',0000000845,016,0000001410,'2022-08-26 19:52:09'),(0000001411,'RC5HY8323WH831903',0000000695,019,0000001411,'2022-08-26 20:01:36'),(0000001412,'KT6XN0432CX127774',0000000507,001,0000001412,'2022-08-26 20:07:37'),(0000001413,'LZ5YX6789BP660219',0000000636,018,0000001413,'2022-08-26 20:12:45'),(0000001414,'NM7EU3389KD406055',0000000192,009,0000001414,'2022-08-26 20:29:20'),(0000001415,'RY7BX3292FK369015',0000000819,005,0000001415,'2022-08-26 20:53:21'),(0000001416,'WI9ZY6610NP303430',0000000532,005,0000001416,'2022-08-26 21:03:54'),(0000001417,'EV6TT5593YN728793',0000000880,015,0000001417,'2022-08-26 21:07:43'),(0000001418,'XK4UT3618OK340098',0000000900,002,0000001418,'2022-08-26 21:12:27'),(0000001419,'YP1WX8681IC551131',0000000077,018,0000001419,'2022-08-26 21:16:05'),(0000001420,'WA4HC6844EJ241493',0000000772,008,0000001420,'2022-08-26 21:17:11'),(0000001421,'JN5JA0020NL614111',0000000108,016,0000001421,'2022-08-26 21:17:39'),(0000001422,'DL7PP2252LL889037',0000000469,016,0000001422,'2022-08-26 21:25:08'),(0000001423,'GC7LW1950FB723002',0000000464,011,0000001423,'2022-08-26 21:44:41'),(0000001424,'JM3GH6549FG593789',0000000911,007,0000001424,'2022-08-26 22:05:07'),(0000001425,'ON9ZG1264GA376998',0000000716,016,0000001425,'2022-08-26 22:16:47'),(0000001426,'SG2JD6517NI034152',0000000161,008,0000001426,'2022-08-26 22:18:13'),(0000001427,'NN0VY2318LV854489',0000000721,001,0000001427,'2022-08-26 22:18:14'),(0000001428,'JU8TG0239UZ590375',0000000147,010,0000001428,'2022-08-26 22:39:22'),(0000001429,'VA5XT0811OH640152',0000000554,005,0000001429,'2022-08-26 22:52:59'),(0000001430,'KR1UN2589DT336194',0000000933,018,0000001430,'2022-08-26 22:59:43'),(0000001459,'SK8BT5334IF194473',0000000130,002,0000001459,'2022-09-02 17:16:47'),(0000001460,'YN6RM3496KB098398',0000000857,003,0000001460,'2022-09-02 17:35:23'),(0000001461,'JM3GH6549FG593789',0000000540,012,0000001461,'2022-09-02 17:51:42'),(0000001462,'FZ2GN8864NG512505',0000000810,002,0000001462,'2022-09-02 17:57:31'),(0000001463,'VA5QN6839ZW474111',0000000927,019,0000001463,'2022-09-02 18:14:40'),(0000001464,'LZ5YX6789BP660219',0000000951,009,0000001464,'2022-09-02 19:43:44'),(0000001465,'VC0TQ0292FI152709',0000000612,007,0000001465,'2022-09-02 19:47:51'),(0000001466,'ET2CR1664DL741349',0000000656,002,0000001466,'2022-09-02 20:05:10'),(0000001467,'GE0PZ1751HA292370',0000000273,010,0000001467,'2022-09-02 20:11:13'),(0000001468,'XM6XN8702CR029920',0000000714,004,0000001468,'2022-09-02 20:14:40'),(0000001469,'WA4HC6844EJ241493',0000000761,019,0000001469,'2022-09-02 20:30:18'),(0000001470,'LX2SQ1565PK173401',0000000642,019,0000001470,'2022-09-02 20:46:55'),(0000001471,'LX1BW1399WN917373',0000000964,019,0000001471,'2022-09-02 20:47:02'),(0000001472,'HD7MA7551AP023977',0000000105,015,0000001472,'2022-09-02 21:07:05'),(0000001473,'SG2JD6517NI034152',0000000826,015,0000001473,'2022-09-02 21:15:12'),(0000001474,'NM7EU3389KD406055',0000000269,006,0000001474,'2022-09-02 21:20:03'),(0000001475,'YN8LU6839ZA034134',0000000555,019,0000001475,'2022-09-02 22:09:22'),(0000001476,'DN2MT2192NS095902',0000000387,013,0000001476,'2022-09-02 22:27:49'),(0000001490,'HF2PG4406AH429205',0000000384,005,0000001490,'2022-09-09 17:05:35'),(0000001491,'QU9QD8910SJ757079',0000000942,017,0000001491,'2022-09-09 17:27:00'),(0000001492,'LZ5YX6789BP660219',0000000583,008,0000001492,'2022-09-09 17:27:54'),(0000001493,'RG3WH9712RU899210',0000000807,001,0000001493,'2022-09-09 17:30:13'),(0000001494,'NN0VY2318LV854489',0000000715,003,0000001494,'2022-09-09 17:30:50'),(0000001495,'WI9ZY6610NP303430',0000000635,012,0000001495,'2022-09-09 17:40:22'),(0000001496,'JU8TG0239UZ590375',0000000543,010,0000001496,'2022-09-09 17:43:50'),(0000001497,'VA5XT0811OH640152',0000000211,005,0000001497,'2022-09-09 17:52:57'),(0000001498,'DN0YJ1488OI002111',0000000894,020,0000001498,'2022-09-09 17:58:23'),(0000001499,'NI0LB8062IU939574',0000000718,010,0000001499,'2022-09-09 18:02:53'),(0000001500,'PA2IT7545ID703433',0000000846,001,0000001500,'2022-09-09 18:25:57'),(0000001501,'LX1BW1399WN917373',0000000233,002,0000001501,'2022-09-09 18:35:48'),(0000001502,'EU3MI1714DE486827',0000000904,018,0000001502,'2022-09-09 18:36:06'),(0000001503,'VC0TQ0292FI152709',0000000953,006,0000001503,'2022-09-09 18:37:20'),(0000001504,'YN8LU6839ZA034134',0000000511,017,0000001504,'2022-09-09 18:45:22'),(0000001505,'HD8AJ8076YU148853',0000000148,018,0000001505,'2022-09-09 18:47:16'),(0000001506,'RY7BX3292FK369015',0000000439,011,0000001506,'2022-09-09 18:59:02'),(0000001507,'YN6RM3496KB098398',0000000488,014,0000001507,'2022-09-09 19:14:07'),(0000001508,'ON9ZG1264GA376998',0000000953,007,0000001508,'2022-09-09 19:31:30'),(0000001509,'EP5UI3780QZ017171',0000000454,001,0000001509,'2022-09-09 19:35:24'),(0000001510,'XG5FF4751LP512519',0000000952,017,0000001510,'2022-09-09 19:50:16'),(0000001511,'UQ7WD9616ZY662247',0000000009,011,0000001511,'2022-09-09 20:16:15'),(0000001512,'IM3IN7147GE128442',0000000751,003,0000001512,'2022-09-09 20:20:39'),(0000001513,'FY9CM1461PP106360',0000000215,016,0000001513,'2022-09-09 20:49:39'),(0000001514,'DL7PP2252LL889037',0000000365,007,0000001514,'2022-09-09 21:01:49'),(0000001515,'AE6XO9187BF879440',0000000036,006,0000001515,'2022-09-09 21:04:42'),(0000001516,'QC5KJ6360FD937874',0000000498,003,0000001516,'2022-09-09 21:13:24'),(0000001517,'LX2SQ1565PK173401',0000000033,013,0000001517,'2022-09-09 21:42:33'),(0000001518,'BG9CP7889ZC529675',0000000388,006,0000001518,'2022-09-09 21:48:28'),(0000001519,'KW0WC9243QD714059',0000000627,006,0000001519,'2022-09-09 21:52:44'),(0000001520,'KW0WA4299AC412017',0000000393,003,0000001520,'2022-09-09 21:57:35'),(0000001521,'DM0RH4166MJ493815',0000000038,016,0000001521,'2022-09-09 22:22:07'),(0000001522,'ET1UJ4098CB097944',0000000441,018,0000001522,'2022-09-09 22:24:31'),(0000001523,'UX0SG2301TG984740',0000000578,010,0000001523,'2022-09-09 22:36:23'),(0000001524,'NE4OM7171KR170357',0000000558,003,0000001524,'2022-09-09 22:53:37'),(0000001525,'SG2JD6517NI034152',0000000724,007,0000001525,'2022-09-09 22:56:54'),(0000001553,'DN0YJ1488OI002111',0000000871,018,0000001553,'2022-09-16 17:14:21'),(0000001554,'PA2IT7545ID703433',0000000439,018,0000001554,'2022-09-16 17:15:06'),(0000001555,'KW0WC9243QD714059',0000000630,004,0000001555,'2022-09-16 17:39:01'),(0000001556,'QC5KJ6360FD937874',0000000067,018,0000001556,'2022-09-16 18:10:18'),(0000001557,'LX2SQ1565PK173401',0000000093,003,0000001557,'2022-09-16 18:10:57'),(0000001558,'MH9ZC4095SC338244',0000000197,009,0000001558,'2022-09-16 18:13:37'),(0000001559,'VB7PS7552PF129782',0000000849,016,0000001559,'2022-09-16 18:17:40'),(0000001560,'RC5HY8323WH831903',0000000748,002,0000001560,'2022-09-16 18:41:58'),(0000001561,'EV5GP1130DP518924',0000000769,013,0000001561,'2022-09-16 18:53:08'),(0000001562,'DI3QF1252LL926394',0000000370,002,0000001562,'2022-09-16 18:59:15'),(0000001563,'ET1UJ4098CB097944',0000000942,009,0000001563,'2022-09-16 19:23:32'),(0000001564,'JU8TG0239UZ590375',0000000300,007,0000001564,'2022-09-16 19:27:24'),(0000001565,'KV0PV3428MU531558',0000000104,007,0000001565,'2022-09-16 19:46:15'),(0000001566,'DO3DQ8250PW489239',0000000161,001,0000001566,'2022-09-16 20:09:01'),(0000001567,'EM9NN0604AT737496',0000000093,018,0000001567,'2022-09-16 20:10:07'),(0000001568,'QY8JH3827VZ301473',0000000999,011,0000001568,'2022-09-16 20:24:46'),(0000001569,'XM6XN8702CR029920',0000000283,011,0000001569,'2022-09-16 20:25:58'),(0000001570,'UU6QK0273EX072107',0000000819,014,0000001570,'2022-09-16 20:34:07'),(0000001571,'AA0DO4492SS388054',0000000003,001,0000001571,'2022-09-16 21:01:59'),(0000001572,'DM0RH4166MJ493815',0000000300,020,0000001572,'2022-09-16 21:30:54'),(0000001573,'VY2OX9846ZZ977600',0000000301,013,0000001573,'2022-09-16 21:37:33'),(0000001574,'DK6ZY8488OG641336',0000000372,020,0000001574,'2022-09-16 22:01:05'),(0000001575,'JM3GH6549FG593789',0000000462,011,0000001575,'2022-09-16 22:31:02'),(0000001576,'II6DU5460DP572056',0000000603,016,0000001576,'2022-09-16 22:33:23'),(0000001577,'DL7PP2252LL889037',0000000038,012,0000001577,'2022-09-16 22:34:34'),(0000001578,'SK8BT5334IF194473',0000000968,001,0000001578,'2022-09-16 22:57:33'),(0000001584,'QY8JH3827VZ301473',0000000990,018,0000001584,'2022-09-23 17:11:22'),(0000001585,'BD4YK0171IJ806160',0000000077,012,0000001585,'2022-09-23 17:19:36'),(0000001586,'ON9ZG1264GA376998',0000000717,014,0000001586,'2022-09-23 17:33:10'),(0000001587,'LZ5YX6789BP660219',0000000425,007,0000001587,'2022-09-23 18:25:27'),(0000001588,'WA4KM2530YT926699',0000000463,011,0000001588,'2022-09-23 18:27:17'),(0000001589,'JU8TG0239UZ590375',0000000199,016,0000001589,'2022-09-23 18:27:23'),(0000001590,'SK8BT5334IF194473',0000000336,001,0000001590,'2022-09-23 18:31:55'),(0000001591,'AA0DO4492SS388054',0000000999,003,0000001591,'2022-09-23 18:52:15'),(0000001592,'PX6QD8701RU926111',0000000295,003,0000001592,'2022-09-23 18:56:25'),(0000001593,'SG2JD6517NI034152',0000000278,018,0000001593,'2022-09-23 19:07:54'),(0000001594,'NE4OM7171KR170357',0000000826,006,0000001594,'2022-09-23 19:34:19'),(0000001595,'WB7KW1127EM885115',0000000851,012,0000001595,'2022-09-23 19:46:31'),(0000001596,'EU3MI1714DE486827',0000000746,018,0000001596,'2022-09-23 20:14:23'),(0000001597,'SN5ZK0009PE093965',0000000213,019,0000001597,'2022-09-23 20:30:30'),(0000001598,'AA9SS3649RK016585',0000000242,013,0000001598,'2022-09-23 20:30:47'),(0000001599,'YO9BL0976YW469828',0000000072,011,0000001599,'2022-09-23 20:31:06'),(0000001600,'JN5JA0020NL614111',0000000604,015,0000001600,'2022-09-23 20:32:31'),(0000001601,'IN6PA4097RG125192',0000000934,019,0000001601,'2022-09-23 20:51:04'),(0000001602,'GX8OE2524QS699675',0000000132,012,0000001602,'2022-09-23 20:57:56'),(0000001603,'VA5XT0811OH640152',0000000442,011,0000001603,'2022-09-23 21:19:29'),(0000001604,'UU6QK0273EX072107',0000000156,019,0000001604,'2022-09-23 21:39:44'),(0000001605,'ZO8JL1472ZG277734',0000000835,011,0000001605,'2022-09-23 22:01:20'),(0000001606,'XM6XN8702CR029920',0000000898,019,0000001606,'2022-09-23 22:11:46'),(0000001607,'GC7LW1950FB723002',0000000022,006,0000001607,'2022-09-23 22:34:33'),(0000001608,'EP5UI3780QZ017171',0000000310,011,0000001608,'2022-09-23 22:43:47'),(0000001609,'RG3WH9712RU899210',0000000541,019,0000001609,'2022-09-23 22:46:54'),(0000001610,'YK1LW9363TS238251',0000000651,019,0000001610,'2022-09-23 22:52:48'),(0000001615,'UX0SG2301TG984740',0000000812,001,0000001615,'2022-09-30 17:09:04'),(0000001616,'II6DU5460DP572056',0000000133,018,0000001616,'2022-09-30 17:26:31'),(0000001617,'MH0GF2700EN111473',0000000992,011,0000001617,'2022-09-30 17:50:12'),(0000001618,'LX1BW1399WN917373',0000000394,005,0000001618,'2022-09-30 18:18:59'),(0000001619,'KT6VG7826OV342700',0000000111,016,0000001619,'2022-09-30 18:50:29'),(0000001620,'IM3IN7147GE128442',0000000596,008,0000001620,'2022-09-30 18:53:15'),(0000001621,'NM7EU3389KD406055',0000000621,010,0000001621,'2022-09-30 19:01:05'),(0000001622,'RG3WH9712RU899210',0000000073,004,0000001622,'2022-09-30 19:06:25'),(0000001623,'XG5FF4751LP512519',0000000032,001,0000001623,'2022-09-30 19:46:17'),(0000001624,'DN0YJ1488OI002111',0000000321,015,0000001624,'2022-09-30 20:09:03'),(0000001625,'EP5UL7495ZD740620',0000000806,019,0000001625,'2022-09-30 21:04:43'),(0000001626,'NP3ZX4703NO258513',0000000691,002,0000001626,'2022-09-30 21:20:26'),(0000001627,'NN0VY2318LV854489',0000000758,009,0000001627,'2022-09-30 21:26:39'),(0000001628,'EV6TT5593YN728793',0000000344,010,0000001628,'2022-09-30 21:28:59'),(0000001629,'ET2CR1664DL741349',0000000679,001,0000001629,'2022-09-30 21:39:05'),(0000001630,'IN6PA4097RG125192',0000000897,017,0000001630,'2022-09-30 22:38:43'),(0000001646,'DM0RH4166MJ493815',0000000798,007,0000001646,'2022-10-07 17:19:19'),(0000001647,'ZP0RE7169PG314937',0000000164,008,0000001647,'2022-10-07 17:57:41'),(0000001648,'IN6PA4097RG125192',0000000228,016,0000001648,'2022-10-07 18:01:41'),(0000001649,'KR1UN2589DT336194',0000000053,020,0000001649,'2022-10-07 18:32:43'),(0000001650,'NE4OM7171KR170357',0000000915,014,0000001650,'2022-10-07 19:14:19'),(0000001651,'JN5JA0020NL614111',0000000097,013,0000001651,'2022-10-07 19:18:59'),(0000001652,'DN2MT2192NS095902',0000000225,008,0000001652,'2022-10-07 19:39:29'),(0000001653,'NP3ZX4703NO258513',0000000540,012,0000001653,'2022-10-07 19:43:34'),(0000001654,'DI3QF1252LL926394',0000000078,010,0000001654,'2022-10-07 19:43:37'),(0000001655,'EV6TT5593YN728793',0000000677,012,0000001655,'2022-10-07 19:44:55'),(0000001656,'JM3GH6549FG593789',0000000372,014,0000001656,'2022-10-07 19:47:13'),(0000001657,'KT6XN0432CX127774',0000000839,002,0000001657,'2022-10-07 19:47:59'),(0000001658,'BC4TO5106BM270965',0000000976,005,0000001658,'2022-10-07 19:51:51'),(0000001659,'YN8LU6839ZA034134',0000000419,011,0000001659,'2022-10-07 19:51:54'),(0000001660,'VT2YA2227YN733805',0000000906,009,0000001660,'2022-10-07 20:00:14'),(0000001661,'ZO8JL1472ZG277734',0000000208,011,0000001661,'2022-10-07 20:03:51'),(0000001662,'LZ5YX6789BP660219',0000000474,003,0000001662,'2022-10-07 20:09:52'),(0000001663,'LX2SQ1565PK173401',0000000568,012,0000001663,'2022-10-07 20:17:10'),(0000001664,'DL7PP2252LL889037',0000000414,003,0000001664,'2022-10-07 20:21:34'),(0000001665,'KT6VG7826OV342700',0000000800,013,0000001665,'2022-10-07 20:42:12'),(0000001666,'XM6XN8702CR029920',0000000130,012,0000001666,'2022-10-07 20:43:32'),(0000001667,'YO9BL0976YW469828',0000000164,015,0000001667,'2022-10-07 20:44:19'),(0000001668,'AA0DO4492SS388054',0000000375,006,0000001668,'2022-10-07 20:48:47'),(0000001669,'QY8JH3827VZ301473',0000000218,020,0000001669,'2022-10-07 20:50:55'),(0000001670,'KW0WA4299AC412017',0000000881,006,0000001670,'2022-10-07 20:53:22'),(0000001671,'LX1BW1399WN917373',0000000029,005,0000001671,'2022-10-07 21:02:05'),(0000001672,'YP1WX8681IC551131',0000000612,016,0000001672,'2022-10-07 21:02:47'),(0000001673,'FZ2GN8864NG512505',0000000641,011,0000001673,'2022-10-07 21:06:02'),(0000001674,'VA5QN6839ZW474111',0000000588,002,0000001674,'2022-10-07 21:11:35'),(0000001675,'UQ7WD9616ZY662247',0000000029,008,0000001675,'2022-10-07 21:20:17'),(0000001676,'AE6XO9187BF879440',0000000226,011,0000001676,'2022-10-07 21:20:52'),(0000001677,'ZV2XT9436CL956807',0000000240,004,0000001677,'2022-10-07 21:22:22'),(0000001678,'EU3MI1714DE486827',0000000085,010,0000001678,'2022-10-07 21:31:13'),(0000001679,'SK8BT5334IF194473',0000000582,005,0000001679,'2022-10-07 21:33:04'),(0000001680,'TP7SM2644BT603585',0000000124,017,0000001680,'2022-10-07 21:34:51'),(0000001681,'QX5EB8100UV890224',0000000148,010,0000001681,'2022-10-07 21:41:06'),(0000001682,'QC5KJ6360FD937874',0000000500,020,0000001682,'2022-10-07 21:52:17'),(0000001683,'ET1UJ4098CB097944',0000000614,016,0000001683,'2022-10-07 22:07:04'),(0000001684,'RC5HY8323WH831903',0000000971,014,0000001684,'2022-10-07 22:25:32'),(0000001685,'PX6QD8701RU926111',0000000085,008,0000001685,'2022-10-07 22:28:14'),(0000001686,'SG2JD6517NI034152',0000000329,013,0000001686,'2022-10-07 22:28:19'),(0000001687,'WB7KW1127EM885115',0000000816,001,0000001687,'2022-10-07 22:37:16'),(0000001688,'KW0WC9243QD714059',0000000193,006,0000001688,'2022-10-07 22:39:20'),(0000001689,'BD4YK0171IJ806160',0000000827,005,0000001689,'2022-10-07 22:50:35'),(0000001709,'RC5HY8323WH831903',0000000945,016,0000001709,'2022-10-14 17:07:12'),(0000001710,'XK4UT3618OK340098',0000000494,007,0000001710,'2022-10-14 18:02:18'),(0000001711,'WA4KM2530YT926699',0000000702,006,0000001711,'2022-10-14 18:25:05'),(0000001712,'DK6ZY8488OG641336',0000000877,016,0000001712,'2022-10-14 18:39:20'),(0000001713,'SK8BT5334IF194473',0000000782,013,0000001713,'2022-10-14 18:45:01'),(0000001714,'NN0VY2318LV854489',0000000369,016,0000001714,'2022-10-14 18:53:01'),(0000001715,'QX5EB8100UV890224',0000000301,003,0000001715,'2022-10-14 19:00:08'),(0000001716,'ET2CR1664DL741349',0000000536,003,0000001716,'2022-10-14 19:05:48'),(0000001717,'YN8LU6839ZA034134',0000000378,004,0000001717,'2022-10-14 19:12:59'),(0000001718,'EM9NN0604AT737496',0000000127,011,0000001718,'2022-10-14 19:32:36'),(0000001719,'PA2IT7545ID703433',0000000267,002,0000001719,'2022-10-14 19:50:03'),(0000001720,'RY7BX3292FK369015',0000000480,019,0000001720,'2022-10-14 20:27:49'),(0000001721,'NP3ZX4703NO258513',0000000004,011,0000001721,'2022-10-14 20:46:21'),(0000001722,'EU3MI1714DE486827',0000000873,011,0000001722,'2022-10-14 21:02:55'),(0000001723,'NM7EU3389KD406055',0000000700,012,0000001723,'2022-10-14 21:04:21'),(0000001724,'ZV2XT9436CL956807',0000000632,011,0000001724,'2022-10-14 21:10:31'),(0000001725,'QY8JH3827VZ301473',0000000246,013,0000001725,'2022-10-14 21:17:03'),(0000001726,'EP5UI3780QZ017171',0000000255,006,0000001726,'2022-10-14 21:26:30'),(0000001727,'QU9QD8910SJ757079',0000000064,003,0000001727,'2022-10-14 21:31:55'),(0000001728,'UX0SG2301TG984740',0000000818,002,0000001728,'2022-10-14 21:35:41'),(0000001729,'EV5GP1130DP518924',0000000381,005,0000001729,'2022-10-14 21:41:54'),(0000001730,'LX2SQ1565PK173401',0000000071,018,0000001730,'2022-10-14 21:55:08'),(0000001731,'EV6TT5593YN728793',0000000196,005,0000001731,'2022-10-14 21:55:31'),(0000001732,'KT6VG7826OV342700',0000000600,008,0000001732,'2022-10-14 21:55:49'),(0000001733,'VA5QN6839ZW474111',0000000675,009,0000001733,'2022-10-14 22:01:42'),(0000001734,'VT2YA2227YN733805',0000000069,011,0000001734,'2022-10-14 22:40:04'),(0000001735,'MH0GF2700EN111473',0000000059,014,0000001735,'2022-10-14 22:44:28'),(0000001736,'ZO8JL1472ZG277734',0000000554,002,0000001736,'2022-10-14 22:46:24'),(0000001740,'QX5EB8100UV890224',0000000938,004,0000001740,'2022-10-21 17:06:43'),(0000001741,'HF1GU1279KJ601853',0000000727,013,0000001741,'2022-10-21 17:08:38'),(0000001742,'EV6TT5593YN728793',0000000374,002,0000001742,'2022-10-21 17:18:15'),(0000001743,'DQ7SM1456KE664461',0000000016,017,0000001743,'2022-10-21 17:56:17'),(0000001744,'FY9CM1461PP106360',0000000551,005,0000001744,'2022-10-21 17:57:17'),(0000001745,'WA4HC6844EJ241493',0000000977,014,0000001745,'2022-10-21 18:02:41'),(0000001746,'RG3WH9712RU899210',0000000560,003,0000001746,'2022-10-21 18:12:25'),(0000001747,'DN0YJ1488OI002111',0000000638,010,0000001747,'2022-10-21 18:15:53'),(0000001748,'ZP0RE7169PG314937',0000000899,004,0000001748,'2022-10-21 18:17:57'),(0000001749,'KR1UN2589DT336194',0000000995,012,0000001749,'2022-10-21 18:19:39'),(0000001750,'KA8JD6965XS838315',0000000339,002,0000001750,'2022-10-21 18:31:36'),(0000001751,'BC4TO5106BM270965',0000000891,011,0000001751,'2022-10-21 18:39:20'),(0000001752,'YP1WX8681IC551131',0000000800,006,0000001752,'2022-10-21 18:54:03'),(0000001753,'LZ5YX6789BP660219',0000000237,007,0000001753,'2022-10-21 19:05:56'),(0000001754,'SN5ZK0009PE093965',0000000873,001,0000001754,'2022-10-21 19:43:01'),(0000001755,'WI9ZY6610NP303430',0000000472,007,0000001755,'2022-10-21 19:45:53'),(0000001756,'DL7PP2252LL889037',0000000257,011,0000001756,'2022-10-21 19:51:47'),(0000001757,'NI0LB8062IU939574',0000000395,009,0000001757,'2022-10-21 20:03:40'),(0000001758,'AE6XO9187BF879440',0000000537,016,0000001758,'2022-10-21 20:08:10'),(0000001759,'QX6QF1250SJ757889',0000000363,002,0000001759,'2022-10-21 20:21:51'),(0000001760,'VA5XT0811OH640152',0000000961,015,0000001760,'2022-10-21 20:27:06'),(0000001761,'IM3IN7147GE128442',0000000119,008,0000001761,'2022-10-21 20:45:25'),(0000001762,'XM6XN8702CR029920',0000000610,014,0000001762,'2022-10-21 21:04:02'),(0000001763,'MH0GF2700EN111473',0000000377,002,0000001763,'2022-10-21 21:10:42'),(0000001764,'KW0WC9243QD714059',0000000337,003,0000001764,'2022-10-21 21:12:41'),(0000001765,'HJ8IA1678ED265990',0000000145,007,0000001765,'2022-10-21 21:23:08'),(0000001766,'DL7JP9048DZ453833',0000000255,011,0000001766,'2022-10-21 21:31:15'),(0000001767,'PX6QD8701RU926111',0000000828,004,0000001767,'2022-10-21 21:40:03'),(0000001768,'FW7BE6757DI212781',0000000234,007,0000001768,'2022-10-21 21:46:50'),(0000001769,'YN6RM3496KB098398',0000000425,001,0000001769,'2022-10-21 21:50:44'),(0000001770,'WA4KM2530YT926699',0000000576,004,0000001770,'2022-10-21 22:02:09'),(0000001771,'JU8TG0239UZ590375',0000000927,015,0000001771,'2022-10-21 22:04:13'),(0000001772,'GE0PZ1751HA292370',0000000153,019,0000001772,'2022-10-21 22:04:41'),(0000001773,'PA2IT7545ID703433',0000000451,016,0000001773,'2022-10-21 22:10:23'),(0000001774,'VY2OX9846ZZ977600',0000000451,016,0000001774,'2022-10-21 22:28:54'),(0000001775,'YN8LU6839ZA034134',0000000183,007,0000001775,'2022-10-21 22:51:59'),(0000001776,'RD7JN5245JF936107',0000000214,005,0000001776,'2022-10-21 22:59:44'),(0000001803,'TP7SM2644BT603585',0000000434,013,0000001803,'2022-10-28 17:14:35'),(0000001804,'WI9ZY6610NP303430',0000000014,013,0000001804,'2022-10-28 17:18:48'),(0000001805,'FY9CM1461PP106360',0000000207,004,0000001805,'2022-10-28 17:24:57'),(0000001806,'FW7BE6757DI212781',0000000027,011,0000001806,'2022-10-28 17:25:25'),(0000001807,'QY8JH3827VZ301473',0000000075,002,0000001807,'2022-10-28 17:31:38'),(0000001808,'EU3MI1714DE486827',0000000848,002,0000001808,'2022-10-28 17:34:18'),(0000001809,'LZ5YX6789BP660219',0000000895,004,0000001809,'2022-10-28 17:37:01'),(0000001810,'NN0VY2318LV854489',0000000277,002,0000001810,'2022-10-28 17:43:29'),(0000001811,'DL7PP2252LL889037',0000000001,011,0000001811,'2022-10-28 18:05:35'),(0000001812,'JU8TG0239UZ590375',0000000779,006,0000001812,'2022-10-28 18:37:06'),(0000001813,'KV0PV3428MU531558',0000000213,017,0000001813,'2022-10-28 18:38:55'),(0000001814,'DK6ZY8488OG641336',0000000790,012,0000001814,'2022-10-28 19:01:54'),(0000001815,'YN8LU6839ZA034134',0000000052,001,0000001815,'2022-10-28 19:02:43'),(0000001816,'XG5FF4751LP512519',0000000149,019,0000001816,'2022-10-28 19:17:36'),(0000001817,'KR1UN2589DT336194',0000000484,009,0000001817,'2022-10-28 19:18:18'),(0000001818,'JM3GH6549FG593789',0000000408,003,0000001818,'2022-10-28 19:30:43'),(0000001819,'QX6QF1250SJ757889',0000000061,002,0000001819,'2022-10-28 20:17:33'),(0000001820,'DI3QF1252LL926394',0000000162,006,0000001820,'2022-10-28 20:34:54'),(0000001821,'RG3WH9712RU899210',0000000581,020,0000001821,'2022-10-28 20:37:03'),(0000001822,'HF2PG4406AH429205',0000000552,006,0000001822,'2022-10-28 20:41:06'),(0000001823,'UU6QK0273EX072107',0000000999,009,0000001823,'2022-10-28 21:07:30'),(0000001824,'UQ7WD9616ZY662247',0000000253,017,0000001824,'2022-10-28 21:07:52'),(0000001825,'VT2YA2227YN733805',0000000730,004,0000001825,'2022-10-28 21:23:54'),(0000001826,'NI0LB8062IU939574',0000000717,011,0000001826,'2022-10-28 21:48:33'),(0000001827,'IM3IN7147GE128442',0000000902,018,0000001827,'2022-10-28 21:52:15'),(0000001828,'VA5QN6839ZW474111',0000000062,008,0000001828,'2022-10-28 22:10:59'),(0000001829,'DL7JP9048DZ453833',0000000866,004,0000001829,'2022-10-28 22:11:23'),(0000001830,'XK4UT3618OK340098',0000000045,004,0000001830,'2022-10-28 22:14:48'),(0000001831,'UX0SG2301TG984740',0000000448,003,0000001831,'2022-10-28 22:22:51'),(0000001832,'OO2HW4425DC975726',0000000190,020,0000001832,'2022-10-28 22:34:07'),(0000001834,'VY2OX9846ZZ977600',0000000422,011,0000001834,'2022-11-04 17:05:46'),(0000001835,'ON9ZG1264GA376998',0000000845,012,0000001835,'2022-11-04 17:57:13'),(0000001836,'UU6QK0273EX072107',0000000418,009,0000001836,'2022-11-04 18:06:09'),(0000001837,'DN2MT2192NS095902',0000000087,020,0000001837,'2022-11-04 18:06:30'),(0000001838,'IM3IN7147GE128442',0000000683,019,0000001838,'2022-11-04 18:27:42'),(0000001839,'EU3MI1714DE486827',0000000247,001,0000001839,'2022-11-04 18:32:54'),(0000001840,'HF2PG4406AH429205',0000000175,009,0000001840,'2022-11-04 18:33:34'),(0000001841,'VA5QN6839ZW474111',0000000845,006,0000001841,'2022-11-04 19:05:02'),(0000001842,'BD4YK0171IJ806160',0000000491,020,0000001842,'2022-11-04 19:08:53'),(0000001843,'RC5HY8323WH831903',0000000350,013,0000001843,'2022-11-04 19:20:49'),(0000001844,'HD7MA7551AP023977',0000000700,008,0000001844,'2022-11-04 19:32:47'),(0000001845,'HJ8IA1678ED265990',0000000793,007,0000001845,'2022-11-04 19:36:38'),(0000001846,'JU8TG0239UZ590375',0000000986,019,0000001846,'2022-11-04 20:43:43'),(0000001847,'SN5ZK0009PE093965',0000000990,012,0000001847,'2022-11-04 21:00:43'),(0000001848,'EP5UI3780QZ017171',0000000964,013,0000001848,'2022-11-04 21:48:40'),(0000001849,'EM9NN0604AT737496',0000000073,018,0000001849,'2022-11-04 21:53:37'),(0000001850,'ET1UJ4098CB097944',0000000358,003,0000001850,'2022-11-04 22:13:36'),(0000001851,'FY9CM1461PP106360',0000000479,012,0000001851,'2022-11-04 22:47:11'),(0000001865,'EV6TT5593YN728793',0000000484,012,0000001865,'2022-11-11 17:07:24'),(0000001866,'NE4OM7171KR170357',0000000194,020,0000001866,'2022-11-11 17:41:16'),(0000001867,'SK8BT5334IF194473',0000000181,002,0000001867,'2022-11-11 17:41:31'),(0000001868,'VA5QN6839ZW474111',0000000846,008,0000001868,'2022-11-11 18:23:36'),(0000001869,'NP3ZX4703NO258513',0000000425,014,0000001869,'2022-11-11 18:40:26'),(0000001870,'UX0SG2301TG984740',0000000534,012,0000001870,'2022-11-11 18:51:52'),(0000001871,'ET1UJ4098CB097944',0000000703,004,0000001871,'2022-11-11 19:06:27'),(0000001872,'VT2YA2227YN733805',0000000988,009,0000001872,'2022-11-11 19:14:00'),(0000001873,'ET2CR1664DL741349',0000000777,017,0000001873,'2022-11-11 19:36:54'),(0000001874,'KW0WA4299AC412017',0000000603,014,0000001874,'2022-11-11 19:37:44'),(0000001875,'DO3DQ8250PW489239',0000000262,006,0000001875,'2022-11-11 19:44:24'),(0000001876,'KA8JD6965XS838315',0000000492,009,0000001876,'2022-11-11 19:45:55'),(0000001877,'KW0WC9243QD714059',0000000986,004,0000001877,'2022-11-11 19:51:12'),(0000001878,'JM3GH6549FG593789',0000000949,012,0000001878,'2022-11-11 20:02:58'),(0000001879,'KR1UN2589DT336194',0000000907,010,0000001879,'2022-11-11 20:34:18'),(0000001880,'DI3QF1252LL926394',0000000308,008,0000001880,'2022-11-11 20:34:39'),(0000001881,'WB7KW1127EM885115',0000000841,005,0000001881,'2022-11-11 20:41:13'),(0000001882,'VY2OX9846ZZ977600',0000000147,001,0000001882,'2022-11-11 20:43:59'),(0000001883,'YP1WX8681IC551131',0000000006,015,0000001883,'2022-11-11 20:44:49'),(0000001884,'GX8OE2524QS699675',0000000828,017,0000001884,'2022-11-11 20:51:58'),(0000001885,'RD7JN5245JF936107',0000000495,011,0000001885,'2022-11-11 20:59:03'),(0000001886,'RC5HY8323WH831903',0000000552,012,0000001886,'2022-11-11 21:08:18'),(0000001887,'XM6XN8702CR029920',0000000019,003,0000001887,'2022-11-11 21:16:33'),(0000001888,'YN6RM3496KB098398',0000000562,005,0000001888,'2022-11-11 21:23:14'),(0000001889,'AA9SS3649RK016585',0000000253,019,0000001889,'2022-11-11 21:32:56'),(0000001890,'DQ7SM1456KE664461',0000000175,011,0000001890,'2022-11-11 21:45:39'),(0000001891,'VA5XT0811OH640152',0000000194,006,0000001891,'2022-11-11 21:47:31'),(0000001892,'WI9ZY6610NP303430',0000000023,018,0000001892,'2022-11-11 21:57:21'),(0000001893,'KT6VG7826OV342700',0000000094,014,0000001893,'2022-11-11 22:05:48'),(0000001894,'AE6XO9187BF879440',0000000045,004,0000001894,'2022-11-11 22:11:17'),(0000001895,'XG5FF4751LP512519',0000000556,014,0000001895,'2022-11-11 22:25:12'),(0000001896,'HF1GU1279KJ601853',0000000965,011,0000001896,'2022-11-11 22:39:28'),(0000001897,'EU3MI1714DE486827',0000000400,008,0000001897,'2022-11-11 22:41:00'),(0000001898,'EM9NN0604AT737496',0000000666,009,0000001898,'2022-11-11 22:51:06'),(0000001928,'EM9NN0604AT737496',0000000281,017,0000001928,'2022-11-18 17:29:35'),(0000001929,'DL7JP9048DZ453833',0000000384,014,0000001929,'2022-11-18 17:29:47'),(0000001930,'WI9ZY6610NP303430',0000000199,005,0000001930,'2022-11-18 17:42:57'),(0000001931,'YP1WX8681IC551131',0000000414,016,0000001931,'2022-11-18 18:53:02'),(0000001932,'KT6VG7826OV342700',0000000917,001,0000001932,'2022-11-18 18:57:14'),(0000001933,'EV6TT5593YN728793',0000000511,009,0000001933,'2022-11-18 18:58:37'),(0000001934,'LX2SQ1565PK173401',0000000056,008,0000001934,'2022-11-18 19:00:22'),(0000001935,'ET1UJ4098CB097944',0000000123,007,0000001935,'2022-11-18 19:48:50'),(0000001936,'QU9QD8910SJ757079',0000000990,015,0000001936,'2022-11-18 20:00:24'),(0000001937,'YK1LW9363TS238251',0000000992,008,0000001937,'2022-11-18 20:06:10'),(0000001938,'GE0PZ1751HA292370',0000000544,014,0000001938,'2022-11-18 20:19:04'),(0000001939,'NM7EU3389KD406055',0000000686,018,0000001939,'2022-11-18 21:14:14'),(0000001940,'WB7KW1127EM885115',0000000728,013,0000001940,'2022-11-18 21:24:11'),(0000001941,'QY8JH3827VZ301473',0000000500,020,0000001941,'2022-11-18 21:30:19'),(0000001942,'SK8BT5334IF194473',0000000833,006,0000001942,'2022-11-18 21:54:27'),(0000001943,'UU6QK0273EX072107',0000000197,006,0000001943,'2022-11-18 21:56:12'),(0000001944,'DM0RH4166MJ493815',0000000585,013,0000001944,'2022-11-18 22:05:33'),(0000001945,'HF1GU1279KJ601853',0000000360,009,0000001945,'2022-11-18 22:06:13'),(0000001946,'ZO8JL1472ZG277734',0000000566,008,0000001946,'2022-11-18 22:13:31'),(0000001947,'DL7PP2252LL889037',0000000123,017,0000001947,'2022-11-18 22:20:36'),(0000001948,'QX5EB8100UV890224',0000000749,003,0000001948,'2022-11-18 22:24:14'),(0000001959,'DL7JP9048DZ453833',0000000998,019,0000001959,'2022-11-25 17:31:20'),(0000001960,'EM9NN0604AT737496',0000000293,017,0000001960,'2022-11-25 18:29:15'),(0000001961,'BC4TO5106BM270965',0000000579,018,0000001961,'2022-11-25 18:42:10'),(0000001962,'PA2IT7545ID703433',0000000522,015,0000001962,'2022-11-25 18:51:14'),(0000001963,'PX6QD8701RU926111',0000000215,006,0000001963,'2022-11-25 19:11:49'),(0000001964,'YN8LU6839ZA034134',0000000111,010,0000001964,'2022-11-25 20:41:29'),(0000001966,'FW7BE6757DI212781',0000000639,015,0000001966,'2022-12-02 17:06:26'),(0000001967,'QC5KJ6360FD937874',0000000621,018,0000001967,'2022-12-02 17:09:58'),(0000001968,'BG9CP7889ZC529675',0000000845,010,0000001968,'2022-12-02 17:15:25'),(0000001969,'VT2YA2227YN733805',0000000295,013,0000001969,'2022-12-02 17:42:10'),(0000001970,'YP1WX8681IC551131',0000000406,005,0000001970,'2022-12-02 17:57:02'),(0000001971,'EU3MI1714DE486827',0000000008,008,0000001971,'2022-12-02 17:57:37'),(0000001972,'DO3DQ8250PW489239',0000000303,002,0000001972,'2022-12-02 18:19:43'),(0000001973,'JM3GH6549FG593789',0000000306,020,0000001973,'2022-12-02 18:35:01'),(0000001974,'YN6RM3496KB098398',0000000543,012,0000001974,'2022-12-02 18:37:08'),(0000001975,'ON9ZG1264GA376998',0000000459,017,0000001975,'2022-12-02 18:37:21'),(0000001976,'VA5QN6839ZW474111',0000000047,007,0000001976,'2022-12-02 18:37:34'),(0000001977,'UQ7WD9616ZY662247',0000000918,018,0000001977,'2022-12-02 18:44:58'),(0000001978,'II6DU5460DP572056',0000000399,007,0000001978,'2022-12-02 18:46:20'),(0000001979,'HJ8IA1678ED265990',0000000774,001,0000001979,'2022-12-02 19:05:04'),(0000001980,'DN0YJ1488OI002111',0000000799,004,0000001980,'2022-12-02 19:19:52'),(0000001981,'DI3QF1252LL926394',0000000790,007,0000001981,'2022-12-02 19:22:18'),(0000001982,'GX8OE2524QS699675',0000000762,013,0000001982,'2022-12-02 19:29:19'),(0000001983,'AE6XO9187BF879440',0000000401,006,0000001983,'2022-12-02 19:39:35'),(0000001984,'UU6QK0273EX072107',0000000903,019,0000001984,'2022-12-02 19:49:08'),(0000001985,'FZ2GN8864NG512505',0000000181,008,0000001985,'2022-12-02 20:05:26'),(0000001986,'HF2PG4406AH429205',0000000631,016,0000001986,'2022-12-02 20:10:47'),(0000001987,'XM6XN8702CR029920',0000000065,005,0000001987,'2022-12-02 20:13:10'),(0000001988,'WA4KM2530YT926699',0000000997,006,0000001988,'2022-12-02 20:24:38'),(0000001989,'SG2JD6517NI034152',0000000007,009,0000001989,'2022-12-02 20:38:50'),(0000001990,'BF8OH7925EA602262',0000000687,012,0000001990,'2022-12-02 20:55:16'),(0000001991,'ET2CR1664DL741349',0000000452,013,0000001991,'2022-12-02 21:06:23'),(0000001992,'ET1UJ4098CB097944',0000000752,007,0000001992,'2022-12-02 21:06:28'),(0000001993,'LX2SQ1565PK173401',0000000528,007,0000001993,'2022-12-02 21:25:40'),(0000001994,'KT6XN0432CX127774',0000000427,001,0000001994,'2022-12-02 21:32:54'),(0000001995,'DN2MT2192NS095902',0000000268,009,0000001995,'2022-12-02 21:41:53'),(0000001996,'OO2HW4425DC975726',0000000186,014,0000001996,'2022-12-02 22:01:14'),(0000001997,'NM7EU3389KD406055',0000000687,019,0000001997,'2022-12-02 22:03:09'),(0000001998,'NI0LB8062IU939574',0000000806,002,0000001998,'2022-12-02 22:11:26'),(0000001999,'JU8TG0239UZ590375',0000000359,017,0000001999,'2022-12-02 22:18:54'),(0000002000,'PX6QD8701RU926111',0000000065,001,0000002000,'2022-12-02 22:37:09'),(0000002001,'WA4HC6844EJ241493',0000000634,003,0000002001,'2022-12-02 22:41:44'),(0000002002,'AA9SS3649RK016585',0000000965,015,0000002002,'2022-12-02 22:48:18'),(0000002003,'VB7PS7552PF129782',0000000832,017,0000002003,'2022-12-02 22:55:46'),(0000002029,'FW7BE6757DI212781',0000000261,015,0000002029,'2022-12-09 17:18:07'),(0000002030,'IN6PA4097RG125192',0000000470,013,0000002030,'2022-12-09 17:35:11'),(0000002031,'YO9BL0976YW469828',0000000933,012,0000002031,'2022-12-09 17:45:18'),(0000002032,'FZ2GN8864NG512505',0000000206,002,0000002032,'2022-12-09 17:49:08'),(0000002033,'KV0PV3428MU531558',0000000603,005,0000002033,'2022-12-09 17:55:37'),(0000002034,'EP5UL7495ZD740620',0000000788,016,0000002034,'2022-12-09 18:05:04'),(0000002035,'VC0TQ0292FI152709',0000000503,017,0000002035,'2022-12-09 18:13:57'),(0000002036,'YK1LW9363TS238251',0000000667,010,0000002036,'2022-12-09 18:27:24'),(0000002037,'AA0DO4492SS388054',0000000948,011,0000002037,'2022-12-09 18:41:34'),(0000002038,'EP5UI3780QZ017171',0000000336,012,0000002038,'2022-12-09 18:57:59'),(0000002039,'LZ5YX6789BP660219',0000000466,007,0000002039,'2022-12-09 19:03:02'),(0000002040,'QX6QF1250SJ757889',0000000292,009,0000002040,'2022-12-09 19:05:06'),(0000002041,'SN5ZK0009PE093965',0000000139,008,0000002041,'2022-12-09 19:05:41'),(0000002042,'ZP0RE7169PG314937',0000000201,009,0000002042,'2022-12-09 19:05:46'),(0000002043,'BC4TO5106BM270965',0000000269,014,0000002043,'2022-12-09 19:12:10'),(0000002044,'WB7KW1127EM885115',0000000264,007,0000002044,'2022-12-09 19:13:01'),(0000002045,'KR1UN2589DT336194',0000000217,007,0000002045,'2022-12-09 19:13:53'),(0000002046,'UX0SG2301TG984740',0000000421,018,0000002046,'2022-12-09 19:14:11'),(0000002047,'GE0PZ1751HA292370',0000000769,019,0000002047,'2022-12-09 19:28:18'),(0000002048,'DK6ZY8488OG641336',0000000430,006,0000002048,'2022-12-09 19:30:39'),(0000002049,'EV6TT5593YN728793',0000000400,006,0000002049,'2022-12-09 19:37:51'),(0000002050,'YN6RM3496KB098398',0000000593,020,0000002050,'2022-12-09 19:43:28'),(0000002051,'WI9ZY6610NP303430',0000000171,006,0000002051,'2022-12-09 19:45:46'),(0000002052,'JM3GH6549FG593789',0000000751,013,0000002052,'2022-12-09 19:52:10'),(0000002053,'VT2YA2227YN733805',0000000272,003,0000002053,'2022-12-09 19:52:49'),(0000002054,'VA5XT0811OH640152',0000000849,018,0000002054,'2022-12-09 19:55:08'),(0000002055,'IM3IN7147GE128442',0000000142,002,0000002055,'2022-12-09 20:00:00'),(0000002056,'FY9CM1461PP106360',0000000969,007,0000002056,'2022-12-09 20:15:06'),(0000002057,'SG2JD6517NI034152',0000000559,011,0000002057,'2022-12-09 20:23:31'),(0000002058,'ZO8JL1472ZG277734',0000000668,003,0000002058,'2022-12-09 20:25:19'),(0000002059,'DO3DQ8250PW489239',0000000201,003,0000002059,'2022-12-09 20:41:01'),(0000002060,'PA2IT7545ID703433',0000000296,009,0000002060,'2022-12-09 20:42:24'),(0000002061,'WA4HC6844EJ241493',0000000059,013,0000002061,'2022-12-09 20:42:38'),(0000002062,'DN0YJ1488OI002111',0000000033,015,0000002062,'2022-12-09 20:53:50'),(0000002063,'QY8JH3827VZ301473',0000000756,012,0000002063,'2022-12-09 20:58:24'),(0000002064,'RY7BX3292FK369015',0000000207,008,0000002064,'2022-12-09 21:09:58'),(0000002065,'HJ8IA1678ED265990',0000000363,011,0000002065,'2022-12-09 21:24:56'),(0000002066,'EU3MI1714DE486827',0000000874,012,0000002066,'2022-12-09 21:26:55'),(0000002067,'NI0LB8062IU939574',0000000210,013,0000002067,'2022-12-09 21:28:47'),(0000002068,'EV5GP1130DP518924',0000000371,017,0000002068,'2022-12-09 21:31:01'),(0000002069,'EM9NN0604AT737496',0000000079,019,0000002069,'2022-12-09 21:31:22'),(0000002070,'NE4OM7171KR170357',0000000195,009,0000002070,'2022-12-09 21:39:04'),(0000002071,'YN8LU6839ZA034134',0000000608,011,0000002071,'2022-12-09 21:39:14'),(0000002072,'BG9CP7889ZC529675',0000000294,008,0000002072,'2022-12-09 21:45:50'),(0000002073,'VB7PS7552PF129782',0000000309,014,0000002073,'2022-12-09 21:47:40'),(0000002074,'KW0WC9243QD714059',0000000904,018,0000002074,'2022-12-09 21:48:00'),(0000002075,'DQ7SM1456KE664461',0000000744,005,0000002075,'2022-12-09 22:08:55'),(0000002076,'RG3WH9712RU899210',0000000168,004,0000002076,'2022-12-09 22:11:06'),(0000002077,'MH0GF2700EN111473',0000000165,008,0000002077,'2022-12-09 22:19:07'),(0000002078,'QU9QD8910SJ757079',0000000267,007,0000002078,'2022-12-09 22:26:11'),(0000002079,'QC5KJ6360FD937874',0000000668,014,0000002079,'2022-12-09 22:34:42'),(0000002080,'UU6QK0273EX072107',0000000657,019,0000002080,'2022-12-09 22:42:33'),(0000002081,'AA9SS3649RK016585',0000000183,004,0000002081,'2022-12-09 22:47:12'),(0000002082,'JN5JA0020NL614111',0000000488,006,0000002082,'2022-12-09 22:48:44'),(0000002092,'RD7JN5245JF936107',0000000221,011,0000002092,'2022-12-16 17:35:52'),(0000002093,'II6DU5460DP572056',0000000379,017,0000002093,'2022-12-16 17:40:00'),(0000002094,'NN0VY2318LV854489',0000000796,015,0000002094,'2022-12-16 17:44:47'),(0000002095,'AE6XO9187BF879440',0000000816,017,0000002095,'2022-12-16 18:07:30'),(0000002096,'SK8BT5334IF194473',0000000868,005,0000002096,'2022-12-16 18:27:22'),(0000002097,'RY7BX3292FK369015',0000000518,018,0000002097,'2022-12-16 19:19:33'),(0000002098,'DQ7SM1456KE664461',0000000848,003,0000002098,'2022-12-16 19:20:30'),(0000002099,'OO2HW4425DC975726',0000000013,005,0000002099,'2022-12-16 19:23:23'),(0000002100,'ZV2XT9436CL956807',0000000788,001,0000002100,'2022-12-16 19:24:53'),(0000002101,'VA5XT0811OH640152',0000000114,010,0000002101,'2022-12-16 19:38:40'),(0000002102,'PA2IT7545ID703433',0000000075,014,0000002102,'2022-12-16 20:04:24'),(0000002103,'MH0GF2700EN111473',0000000704,018,0000002103,'2022-12-16 20:14:09'),(0000002104,'DL7JP9048DZ453833',0000000714,013,0000002104,'2022-12-16 20:14:47'),(0000002105,'DO3DQ8250PW489239',0000000593,001,0000002105,'2022-12-16 20:30:00'),(0000002106,'GX8OE2524QS699675',0000000239,015,0000002106,'2022-12-16 20:47:03'),(0000002107,'EV5GP1130DP518924',0000000221,019,0000002107,'2022-12-16 21:02:53'),(0000002108,'YO9BL0976YW469828',0000000210,008,0000002108,'2022-12-16 21:04:53'),(0000002109,'LZ5YX6789BP660219',0000000261,012,0000002109,'2022-12-16 21:47:47'),(0000002110,'KW0WA4299AC412017',0000000532,014,0000002110,'2022-12-16 21:47:58'),(0000002111,'FY9CM1461PP106360',0000000913,020,0000002111,'2022-12-16 21:57:42'),(0000002112,'GE0PZ1751HA292370',0000000476,020,0000002112,'2022-12-16 22:01:29'),(0000002113,'FW7BE6757DI212781',0000000826,005,0000002113,'2022-12-16 22:03:55'),(0000002114,'NM7EU3389KD406055',0000000218,015,0000002114,'2022-12-16 22:05:34'),(0000002115,'PX6QD8701RU926111',0000000435,001,0000002115,'2022-12-16 22:11:50'),(0000002116,'LX1BW1399WN917373',0000000018,012,0000002116,'2022-12-16 22:39:45'),(0000002117,'BC4TO5106BM270965',0000000968,010,0000002117,'2022-12-16 22:58:10'),(0000002123,'EP5UI3780QZ017171',0000000061,020,0000002123,'2022-12-23 17:30:25'),(0000002124,'YN6RM3496KB098398',0000000794,001,0000002124,'2022-12-23 17:35:23'),(0000002125,'HF1GU1279KJ601853',0000000459,015,0000002125,'2022-12-23 17:48:45'),(0000002126,'ET2CR1664DL741349',0000000592,006,0000002126,'2022-12-23 17:50:30'),(0000002127,'MH0GF2700EN111473',0000000594,018,0000002127,'2022-12-23 18:21:27'),(0000002128,'AA0DO4492SS388054',0000000689,001,0000002128,'2022-12-23 18:25:07'),(0000002129,'UQ7WD9616ZY662247',0000000009,003,0000002129,'2022-12-23 18:28:46'),(0000002130,'KW0WC9243QD714059',0000000350,006,0000002130,'2022-12-23 18:35:46'),(0000002131,'NP3ZX4703NO258513',0000000631,015,0000002131,'2022-12-23 18:54:21'),(0000002132,'LX2SQ1565PK173401',0000000541,008,0000002132,'2022-12-23 18:58:56'),(0000002133,'NN0VY2318LV854489',0000000450,003,0000002133,'2022-12-23 19:00:32'),(0000002134,'NI0LB8062IU939574',0000000535,005,0000002134,'2022-12-23 19:00:56'),(0000002135,'DO3DQ8250PW489239',0000000968,007,0000002135,'2022-12-23 19:10:13'),(0000002136,'HJ8IA1678ED265990',0000000180,001,0000002136,'2022-12-23 19:20:37'),(0000002137,'GE0PZ1751HA292370',0000000335,019,0000002137,'2022-12-23 19:26:55'),(0000002138,'QX6QF1250SJ757889',0000000547,002,0000002138,'2022-12-23 19:31:35'),(0000002139,'RD7JN5245JF936107',0000000394,014,0000002139,'2022-12-23 19:54:38'),(0000002140,'ET1UJ4098CB097944',0000000886,009,0000002140,'2022-12-23 20:25:19'),(0000002141,'FW7BE6757DI212781',0000000579,013,0000002141,'2022-12-23 20:27:32'),(0000002142,'BF8OH7925EA602262',0000000512,017,0000002142,'2022-12-23 20:48:59'),(0000002143,'LX1BW1399WN917373',0000000469,016,0000002143,'2022-12-23 20:51:23'),(0000002144,'KR1UN2589DT336194',0000000367,003,0000002144,'2022-12-23 21:09:02'),(0000002145,'ZO8JL1472ZG277734',0000000721,009,0000002145,'2022-12-23 21:09:32'),(0000002146,'FY9CM1461PP106360',0000000377,008,0000002146,'2022-12-23 21:19:20'),(0000002147,'DM0RH4166MJ493815',0000000767,014,0000002147,'2022-12-23 21:35:56'),(0000002148,'DL7JP9048DZ453833',0000000519,017,0000002148,'2022-12-23 21:58:43'),(0000002149,'JN5JA0020NL614111',0000000113,003,0000002149,'2022-12-23 22:04:27'),(0000002150,'PA2IT7545ID703433',0000000275,001,0000002150,'2022-12-23 22:15:31'),(0000002151,'DK6ZY8488OG641336',0000000195,014,0000002151,'2022-12-23 22:30:12'),(0000002152,'LZ5YX6789BP660219',0000000891,002,0000002152,'2022-12-23 22:32:20'),(0000002153,'FZ2GN8864NG512505',0000000749,003,0000002153,'2022-12-23 22:56:06'),(0000002154,'QY8JH3827VZ301473',0000000104,003,0000002154,'2022-12-30 17:34:12'),(0000002155,'UQ7WD9616ZY662247',0000000875,012,0000002155,'2022-12-30 17:39:49'),(0000002156,'ET1UJ4098CB097944',0000000468,020,0000002156,'2022-12-30 17:40:12'),(0000002157,'KT6VG7826OV342700',0000000807,018,0000002157,'2022-12-30 17:43:16'),(0000002158,'WI9ZY6610NP303430',0000000864,012,0000002158,'2022-12-30 17:44:51'),(0000002159,'DL7PP2252LL889037',0000000667,017,0000002159,'2022-12-30 17:56:44'),(0000002160,'HD8AJ8076YU148853',0000000257,001,0000002160,'2022-12-30 18:04:17'),(0000002161,'NI0LB8062IU939574',0000000094,012,0000002161,'2022-12-30 18:05:59'),(0000002162,'XM6XN8702CR029920',0000000365,001,0000002162,'2022-12-30 18:07:35'),(0000002163,'ET2CR1664DL741349',0000000945,014,0000002163,'2022-12-30 18:14:51'),(0000002164,'GC7LW1950FB723002',0000000622,004,0000002164,'2022-12-30 18:17:01'),(0000002165,'DN0YJ1488OI002111',0000000403,007,0000002165,'2022-12-30 18:21:30'),(0000002166,'UU6QK0273EX072107',0000000573,009,0000002166,'2022-12-30 18:27:00'),(0000002167,'BD4YK0171IJ806160',0000000832,015,0000002167,'2022-12-30 19:09:43'),(0000002168,'RC5HY8323WH831903',0000000485,003,0000002168,'2022-12-30 19:09:57'),(0000002169,'PX6QD8701RU926111',0000000953,009,0000002169,'2022-12-30 19:17:44'),(0000002170,'YN8LU6839ZA034134',0000000802,005,0000002170,'2022-12-30 19:24:09'),(0000002171,'NP3ZX4703NO258513',0000000892,020,0000002171,'2022-12-30 19:55:31'),(0000002172,'SK8BT5334IF194473',0000000747,012,0000002172,'2022-12-30 20:04:22'),(0000002173,'BC4TO5106BM270965',0000000689,008,0000002173,'2022-12-30 20:09:06'),(0000002174,'EU3MI1714DE486827',0000000516,010,0000002174,'2022-12-30 20:16:59'),(0000002175,'GX8OE2524QS699675',0000000048,013,0000002175,'2022-12-30 20:22:41'),(0000002176,'IN6PA4097RG125192',0000000384,006,0000002176,'2022-12-30 20:31:09'),(0000002177,'LZ5YX6789BP660219',0000000107,014,0000002177,'2022-12-30 20:46:28'),(0000002178,'IM3IN7147GE128442',0000000947,001,0000002178,'2022-12-30 21:06:20'),(0000002179,'MH9ZC4095SC338244',0000000623,016,0000002179,'2022-12-30 21:17:24'),(0000002180,'HF1GU1279KJ601853',0000000378,010,0000002180,'2022-12-30 21:19:10'),(0000002181,'BG9CP7889ZC529675',0000000195,006,0000002181,'2022-12-30 21:49:57'),(0000002182,'LX2SQ1565PK173401',0000000031,002,0000002182,'2022-12-30 22:04:19'),(0000002183,'EM9NN0604AT737496',0000000844,008,0000002183,'2022-12-30 22:06:34'),(0000002184,'HJ8IA1678ED265990',0000000632,015,0000002184,'2022-12-30 22:37:11'),(0000002185,'VC0TQ0292FI152709',0000000750,020,0000002185,'2022-12-30 22:49:44'),(0000002186,'DL7JP9048DZ453833',0000000127,003,0000002186,'2022-12-30 22:50:49'),(0000002187,'JN5JA0020NL614111',0000000291,013,0000002187,'2022-12-30 22:51:55'),(0000002188,'XK4UT3618OK340098',0000000487,003,0000002188,'2022-12-30 22:52:10'),(0000002189,'BC4TO5106BM270965',0000000032,017,0000002189,'2023-04-14 18:35:04');
/*!40000 ALTER TABLE `booking` ENABLE KEYS */;
UNLOCK TABLES;

--
-- Table structure for table `customer`
--

DROP TABLE IF EXISTS `customer`;
/*!40101 SET @saved_cs_client     = @@character_set_client */;
/*!50503 SET character_set_client = utf8mb4 */;
CREATE TABLE `customer` (
  `customer_id` int(10) unsigned zerofill NOT NULL AUTO_INCREMENT,
  `last_name` varchar(20) NOT NULL,
  `first_name` varchar(20) NOT NULL,
  `insurance_id` tinyint(3) unsigned zerofill NOT NULL,
  PRIMARY KEY (`customer_id`),
  KEY `insurance_id_idx` (`insurance_id`),
  CONSTRAINT `insurance_id` FOREIGN KEY (`insurance_id`) REFERENCES `insurance` (`insurance_id`) ON DELETE CASCADE ON UPDATE CASCADE
) ENGINE=InnoDB AUTO_INCREMENT=1024 DEFAULT CHARSET=utf8mb4 COLLATE=utf8mb4_0900_ai_ci;
/*!40101 SET character_set_client = @saved_cs_client */;

--
-- Dumping data for table `customer`
--

LOCK TABLES `customer` WRITE;
/*!40000 ALTER TABLE `customer` DISABLE KEYS */;
INSERT INTO `customer` VALUES (0000000001,'Martin','Alexander',005),(0000000002,'Moore','James',003),(0000000003,'Davis','Noah',004),(0000000004,'Martinez','Ethan',005),(0000000005,'Gonzalez','Charlotte',005),(0000000006,'Martinez','Isabella',001),(0000000007,'Martin','Sophia',001),(0000000008,'Anderson','Ava',005),(0000000009,'Gonzalez','Emma',002),(0000000010,'Hernandez','Emma',004),(0000000011,'Wilson','Mason',004),(0000000012,'Rodriguez','Isabella',001),(0000000013,'Jones','Charlotte',004),(0000000014,'Miller','Harper',005),(0000000015,'Hernandez','Alexander',004),(0000000016,'Lopez','Mia',004),(0000000017,'Williams','James',004),(0000000018,'Martinez','Ethan',005),(0000000019,'Anderson','Mia',002),(0000000020,'Moore','James',005),(0000000021,'Lopez','Ethan',003),(0000000022,'Lopez','Isabella',004),(0000000023,'Perez','Olivia',004),(0000000024,'Martin','Sophia',004),(0000000025,'Jones','Harper',004),(0000000026,'Moore','Ava',002),(0000000027,'Davis','Isabella',004),(0000000028,'Wilson','Ethan',004),(0000000029,'Lopez','Ava',005),(0000000030,'Hernandez','Mason',005),(0000000031,'Brown','Noah',004),(0000000032,'Garcia','Abigail',005),(0000000033,'Gonzalez','Ava',001),(0000000034,'Rodriguez','Sophia',003),(0000000035,'Brown','Charlotte',001),(0000000036,'Martin','Steven',001),(0000000037,'Taylor','Emma',004),(0000000038,'Moore','Ava',001),(0000000039,'Wilson','William',004),(0000000040,'Rodriguez','Ava',002),(0000000041,'Williams','Sophia',004),(0000000042,'Lee','Emma',002),(0000000043,'Lopez','Alexander',002),(0000000044,'Garcia','Ethan',001),(0000000045,'Lee','Michael',002),(0000000046,'Davis','Charlotte',003),(0000000047,'Wilson','Mia',003),(0000000048,'Lee','Alexander',004),(0000000049,'Taylor','Evelyn',002),(0000000050,'Smith','Emma',004),(0000000051,'Perez','Harper',003),(0000000052,'Brown','Michael',005),(0000000053,'Williams','James',003),(0000000054,'Gonzalez','Isabella',005),(0000000055,'Miller','James',004),(0000000056,'Brown','Mia',004),(0000000057,'Lopez','Abigail',002),(0000000058,'Martin','Isabella',005),(0000000059,'Gonzalez','Jacob',003),(0000000060,'Martinez','Ethan',001),(0000000061,'Lopez','Michael',004),(0000000062,'Wilson','Ava',001),(0000000063,'Wilson','Isabella',004),(0000000064,'Lopez','Jacob',002),(0000000065,'Lopez','Alexander',002),(0000000066,'Davis','James',003),(0000000067,'Johnson','Charlotte',001),(0000000068,'Miller','Sophia',004),(0000000069,'Hernandez','Alexander',002),(0000000070,'Johnson','Ava',003),(0000000071,'Taylor','Olivia',003),(0000000072,'Hernandez','James',001),(0000000073,'Garcia','Olivia',001),(0000000074,'Martinez','Michael',002),(0000000075,'Lopez','Steven',001),(0000000076,'Lee','Mia',005),(0000000077,'Brown','Noah',005),(0000000078,'Perez','Ava',003),(0000000079,'Perez','William',001),(0000000080,'Gonzalez','Charlotte',003),(0000000081,'Rodriguez','Harper',002),(0000000082,'Anderson','Liam',004),(0000000083,'Smith','Noah',004),(0000000084,'Moore','Noah',003),(0000000085,'Williams','Evelyn',002),(0000000086,'Davis','Abigail',003),(0000000087,'Moore','Isabella',005),(0000000088,'Smith','James',003),(0000000089,'Perez','Liam',004),(0000000090,'Hernandez','James',004),(0000000091,'Hernandez','Noah',001),(0000000092,'Brown','Mason',004),(0000000093,'Brown','Alexander',003),(0000000094,'Davis','Evelyn',004),(0000000095,'Gonzalez','Charlotte',005),(0000000096,'Perez','Olivia',001),(0000000097,'Moore','Evelyn',003),(0000000098,'Davis','Ava',002),(0000000099,'Gonzalez','Michael',004),(0000000100,'Hernandez','Emma',002),(0000000101,'Hernandez','Steven',004),(0000000102,'Martin','Abigail',003),(0000000103,'Brown','Ava',005),(0000000104,'Garcia','Abigail',004),(0000000105,'Hernandez','Ethan',002),(0000000106,'Gonzalez','Charlotte',001),(0000000107,'Martin','Charlotte',003),(0000000108,'Moore','Charlotte',005),(0000000109,'Moore','Alexander',002),(0000000110,'Jones','Mia',005),(0000000111,'Gonzalez','Jacob',002),(0000000112,'Gonzalez','Abigail',002),(0000000113,'Taylor','Mia',003),(0000000114,'Anderson','Liam',005),(0000000115,'Jones','Alexander',003),(0000000116,'Anderson','Ethan',002),(0000000117,'Taylor','Harper',003),(0000000118,'Lee','Mason',001),(0000000119,'Garcia','Charlotte',002),(0000000120,'Rodriguez','Emma',002),(0000000121,'Johnson','Steven',001),(0000000122,'Anderson','Noah',001),(0000000123,'Johnson','Jacob',002),(0000000124,'Jones','Evelyn',005),(0000000125,'Miller','Charlotte',002),(0000000126,'Wilson','Olivia',005),(0000000127,'Gonzalez','Isabella',002),(0000000128,'Martin','Jacob',001),(0000000129,'Brown','Olivia',002),(0000000130,'Brown','Isabella',002),(0000000131,'Perez','Emma',001),(0000000132,'Taylor','Isabella',003),(0000000133,'Williams','Mason',002),(0000000134,'Hernandez','Michael',002),(0000000135,'Williams','Ava',001),(0000000136,'Perez','Charlotte',005),(0000000137,'Miller','Harper',002),(0000000138,'Taylor','Mia',002),(0000000139,'Hernandez','Steven',002),(0000000140,'Johnson','Alexander',005),(0000000141,'Martin','Steven',001),(0000000142,'Davis','Noah',005),(0000000143,'Taylor','James',003),(0000000144,'Jones','Jacob',003),(0000000145,'Lee','Steven',002),(0000000146,'Smith','Ethan',001),(0000000147,'Wilson','Harper',005),(0000000148,'Miller','Mia',004),(0000000149,'Smith','Ethan',001),(0000000150,'Martin','Evelyn',002),(0000000151,'Williams','Jacob',004),(0000000152,'Martin','Emma',003),(0000000153,'Miller','Harper',003),(0000000154,'Williams','Evelyn',005),(0000000155,'Smith','Isabella',003),(0000000156,'Gonzalez','Noah',003),(0000000157,'Moore','Evelyn',004),(0000000158,'Johnson','Michael',004),(0000000159,'Miller','Noah',004),(0000000160,'Rodriguez','Evelyn',001),(0000000161,'Hernandez','Harper',002),(0000000162,'Smith','Liam',005),(0000000163,'Smith','James',003),(0000000164,'Rodriguez','Alexander',002),(0000000165,'Lopez','Abigail',004),(0000000166,'Lopez','Olivia',005),(0000000167,'Martinez','Olivia',003),(0000000168,'Rodriguez','Harper',003),(0000000169,'Garcia','Steven',005),(0000000170,'Taylor','Jacob',004),(0000000171,'Miller','Ava',005),(0000000172,'Rodriguez','Liam',005),(0000000173,'Garcia','Mason',003),(0000000174,'Martin','Noah',002),(0000000175,'Davis','Jacob',002),(0000000176,'Wilson','Charlotte',001),(0000000177,'Davis','Sophia',003),(0000000178,'Miller','Mason',002),(0000000179,'Lee','Evelyn',003),(0000000180,'Wilson','Steven',003),(0000000181,'Anderson','Michael',004),(0000000182,'Hernandez','Alexander',005),(0000000183,'Brown','Evelyn',005),(0000000184,'Gonzalez','Steven',002),(0000000185,'Garcia','Isabella',003),(0000000186,'Johnson','Charlotte',002),(0000000187,'Rodriguez','William',002),(0000000188,'Moore','Isabella',004),(0000000189,'Miller','Evelyn',002),(0000000190,'Anderson','Emma',003),(0000000191,'Miller','Jacob',004),(0000000192,'Anderson','Harper',001),(0000000193,'Moore','Isabella',004),(0000000194,'Hernandez','Evelyn',002),(0000000195,'Garcia','Liam',002),(0000000196,'Miller','Charlotte',001),(0000000197,'Miller','Olivia',001),(0000000198,'Martinez','Ava',002),(0000000199,'Anderson','Alexander',002),(0000000200,'Garcia','William',002),(0000000201,'Wilson','Mason',004),(0000000202,'Taylor','Charlotte',005),(0000000203,'Williams','Ethan',004),(0000000204,'Martinez','Alexander',003),(0000000205,'Wilson','Evelyn',005),(0000000206,'Garcia','Liam',003),(0000000207,'Martinez','Noah',005),(0000000208,'Taylor','Evelyn',002),(0000000209,'Moore','Harper',003),(0000000210,'Smith','Charlotte',002),(0000000211,'Smith','James',001),(0000000212,'Rodriguez','Evelyn',005),(0000000213,'Moore','Harper',002),(0000000214,'Anderson','James',005),(0000000215,'Lee','Harper',001),(0000000216,'Wilson','Ethan',002),(0000000217,'Hernandez','Sophia',003),(0000000218,'Gonzalez','Michael',005),(0000000219,'Miller','Isabella',005),(0000000220,'Gonzalez','Mason',001),(0000000221,'Johnson','Michael',005),(0000000222,'Johnson','Ava',003),(0000000223,'Brown','Ava',001),(0000000224,'Lopez','William',003),(0000000225,'Wilson','Ethan',004),(0000000226,'Martinez','Evelyn',001),(0000000227,'Smith','Harper',005),(0000000228,'Lopez','Evelyn',001),(0000000229,'Anderson','Steven',003),(0000000230,'Garcia','Charlotte',004),(0000000231,'Martinez','Liam',001),(0000000232,'Lopez','Liam',004),(0000000233,'Jones','Jacob',005),(0000000234,'Brown','Evelyn',001),(0000000235,'Moore','Mason',003),(0000000236,'Martin','Noah',004),(0000000237,'Perez','Olivia',001),(0000000238,'Gonzalez','Ethan',002),(0000000239,'Williams','Mason',005),(0000000240,'Davis','Abigail',001),(0000000241,'Johnson','Isabella',002),(0000000242,'Lopez','Evelyn',004),(0000000243,'Anderson','Ethan',003),(0000000244,'Jones','Ava',005),(0000000245,'Hernandez','Michael',003),(0000000246,'Brown','Jacob',005),(0000000247,'Moore','Emma',002),(0000000248,'Perez','Steven',002),(0000000249,'Martin','Mia',005),(0000000250,'Perez','Isabella',001),(0000000251,'Miller','Michael',005),(0000000252,'Miller','Charlotte',003),(0000000253,'Smith','Michael',002),(0000000254,'Moore','Ethan',004),(0000000255,'Anderson','Harper',001),(0000000256,'Anderson','Steven',001),(0000000257,'Perez','Evelyn',001),(0000000258,'Wilson','Noah',002),(0000000259,'Johnson','Jacob',002),(0000000260,'Miller','Abigail',004),(0000000261,'Perez','Steven',001),(0000000262,'Garcia','William',003),(0000000263,'Lopez','Steven',001),(0000000264,'Martin','Harper',003),(0000000265,'Williams','Mason',004),(0000000266,'Gonzalez','Sophia',004),(0000000267,'Martin','Liam',001),(0000000268,'Williams','Alexander',002),(0000000269,'Garcia','Mason',001),(0000000270,'Smith','Ava',004),(0000000271,'Davis','Harper',001),(0000000272,'Anderson','Harper',002),(0000000273,'Johnson','Emma',003),(0000000274,'Jones','Ava',003),(0000000275,'Rodriguez','Abigail',003),(0000000276,'Martin','Steven',004),(0000000277,'Anderson','Mia',001),(0000000278,'Johnson','Harper',004),(0000000279,'Gonzalez','Liam',004),(0000000280,'Hernandez','Mia',002),(0000000281,'Lopez','Ava',001),(0000000282,'Miller','Noah',004),(0000000283,'Hernandez','Ethan',004),(0000000284,'Johnson','James',001),(0000000285,'Smith','Abigail',005),(0000000286,'Perez','Mia',005),(0000000287,'Gonzalez','Ethan',004),(0000000288,'Martinez','Harper',001),(0000000289,'Anderson','Charlotte',003),(0000000290,'Gonzalez','Emma',004),(0000000291,'Johnson','Alexander',001),(0000000292,'Williams','Ava',002),(0000000293,'Smith','Liam',001),(0000000294,'Johnson','William',003),(0000000295,'Lee','Jacob',002),(0000000296,'Martin','William',004),(0000000297,'Davis','Mia',002),(0000000298,'Lee','Sophia',004),(0000000299,'Rodriguez','Olivia',005),(0000000300,'Garcia','James',001),(0000000301,'Smith','Mason',003),(0000000302,'Garcia','Olivia',004),(0000000303,'Lopez','Michael',003),(0000000304,'Jones','Ethan',002),(0000000305,'Smith','James',003),(0000000306,'Lopez','Harper',005),(0000000307,'Perez','Steven',002),(0000000308,'Anderson','Liam',003),(0000000309,'Williams','Ethan',002),(0000000310,'Perez','Noah',003),(0000000311,'Perez','William',002),(0000000312,'Jones','Ethan',003),(0000000313,'Perez','Harper',003),(0000000314,'Taylor','Charlotte',001),(0000000315,'Wilson','Jacob',003),(0000000316,'Garcia','Michael',003),(0000000317,'Garcia','Mason',003),(0000000318,'Anderson','Sophia',005),(0000000319,'Martin','Ava',003),(0000000320,'Perez','James',004),(0000000321,'Martinez','Emma',005),(0000000322,'Smith','Harper',004),(0000000323,'Miller','Isabella',003),(0000000324,'Brown','Harper',003),(0000000325,'Martinez','Isabella',004),(0000000326,'Wilson','Mia',005),(0000000327,'Rodriguez','Charlotte',005),(0000000328,'Jones','James',003),(0000000329,'Lee','Ethan',005),(0000000330,'Lee','Mason',004),(0000000331,'Moore','Mason',002),(0000000332,'Jones','Abigail',005),(0000000333,'Wilson','Steven',005),(0000000334,'Martinez','Noah',003),(0000000335,'Moore','Ethan',001),(0000000336,'Johnson','Sophia',002),(0000000337,'Williams','William',002),(0000000338,'Moore','Mason',003),(0000000339,'Garcia','Abigail',001),(0000000340,'Gonzalez','Ethan',005),(0000000341,'Lee','Mason',005),(0000000342,'Davis','Emma',005),(0000000343,'Miller','Noah',002),(0000000344,'Smith','Evelyn',004),(0000000345,'Anderson','Mason',004),(0000000346,'Smith','Michael',003),(0000000347,'Davis','Abigail',004),(0000000348,'Wilson','Steven',004),(0000000349,'Taylor','Mason',005),(0000000350,'Williams','Charlotte',001),(0000000351,'Brown','Noah',005),(0000000352,'Taylor','Ava',002),(0000000353,'Jones','Abigail',003),(0000000354,'Davis','Abigail',001),(0000000355,'Gonzalez','Charlotte',001),(0000000356,'Hernandez','Michael',001),(0000000357,'Moore','Emma',001),(0000000358,'Williams','William',002),(0000000359,'Perez','Charlotte',002),(0000000360,'Brown','Harper',001),(0000000361,'Anderson','Ethan',001),(0000000362,'Moore','Noah',005),(0000000363,'Jones','Mia',004),(0000000364,'Lopez','Emma',004),(0000000365,'Brown','Noah',004),(0000000366,'Moore','James',001),(0000000367,'Anderson','Isabella',004),(0000000368,'Jones','Mason',005),(0000000369,'Martin','Emma',005),(0000000370,'Wilson','Olivia',005),(0000000371,'Lopez','Isabella',003),(0000000372,'Lee','Ava',001),(0000000373,'Rodriguez','William',004),(0000000374,'Moore','Olivia',001),(0000000375,'Lopez','Olivia',004),(0000000376,'Lee','James',002),(0000000377,'Martin','Michael',003),(0000000378,'Perez','Emma',004),(0000000379,'Martinez','Charlotte',003),(0000000380,'Hernandez','Charlotte',001),(0000000381,'Moore','Noah',004),(0000000382,'Anderson','Isabella',001),(0000000383,'Taylor','William',001),(0000000384,'Jones','Steven',005),(0000000385,'Wilson','Ethan',003),(0000000386,'Martinez','Evelyn',003),(0000000387,'Taylor','Isabella',003),(0000000388,'Lee','Noah',004),(0000000389,'Lopez','Ethan',003),(0000000390,'Johnson','Emma',003),(0000000391,'Lopez','Mia',001),(0000000392,'Williams','Mia',001),(0000000393,'Gonzalez','Mia',002),(0000000394,'Wilson','Alexander',005),(0000000395,'Johnson','James',001),(0000000396,'Lee','William',003),(0000000397,'Rodriguez','Mason',004),(0000000398,'Rodriguez','Mason',001),(0000000399,'Jones','Alexander',001),(0000000400,'Rodriguez','Olivia',002),(0000000401,'Perez','Ethan',005),(0000000402,'Perez','Ethan',001),(0000000403,'Brown','Emma',004),(0000000404,'Miller','James',004),(0000000405,'Lee','Sophia',005),(0000000406,'Smith','Mia',002),(0000000407,'Perez','Mason',002),(0000000408,'Martin','Alexander',001),(0000000409,'Jones','Noah',001),(0000000410,'Perez','Abigail',001),(0000000411,'Garcia','Charlotte',002),(0000000412,'Lee','Sophia',005),(0000000413,'Martin','Olivia',003),(0000000414,'Wilson','Mason',004),(0000000415,'Miller','Sophia',002),(0000000416,'Moore','Liam',002),(0000000417,'Rodriguez','Evelyn',002),(0000000418,'Smith','Steven',003),(0000000419,'Lopez','Emma',004),(0000000420,'Davis','Steven',002),(0000000421,'Perez','Evelyn',005),(0000000422,'Taylor','Noah',002),(0000000423,'Jones','Evelyn',001),(0000000424,'Davis','Mia',002),(0000000425,'Wilson','Michael',005),(0000000426,'Jones','Harper',003),(0000000427,'Taylor','James',005),(0000000428,'Lopez','Evelyn',002),(0000000429,'Brown','Harper',004),(0000000430,'Rodriguez','Jacob',003),(0000000431,'Perez','Harper',002),(0000000432,'Garcia','Sophia',003),(0000000433,'Miller','William',004),(0000000434,'Rodriguez','Sophia',005),(0000000435,'Moore','Evelyn',002),(0000000436,'Martin','Abigail',001),(0000000437,'Martinez','Jacob',004),(0000000438,'Williams','Abigail',002),(0000000439,'Anderson','Abigail',003),(0000000440,'Williams','Michael',001),(0000000441,'Taylor','Jacob',001),(0000000442,'Taylor','Sophia',004),(0000000443,'Martinez','Evelyn',004),(0000000444,'Martin','Charlotte',002),(0000000445,'Rodriguez','Emma',003),(0000000446,'Hernandez','James',004),(0000000447,'Perez','Ethan',003),(0000000448,'Johnson','Steven',001),(0000000449,'Wilson','Alexander',005),(0000000450,'Lee','Emma',005),(0000000451,'Lee','Sophia',003),(0000000452,'Smith','Sophia',004),(0000000453,'Taylor','Sophia',002),(0000000454,'Wilson','Ethan',005),(0000000455,'Jones','Charlotte',004),(0000000456,'Johnson','Evelyn',001),(0000000457,'Rodriguez','Jacob',003),(0000000458,'Rodriguez','Ethan',001),(0000000459,'Rodriguez','Alexander',001),(0000000460,'Martin','Harper',004),(0000000461,'Martin','Noah',004),(0000000462,'Smith','Michael',001),(0000000463,'Smith','Jacob',002),(0000000464,'Jones','Liam',005),(0000000465,'Miller','Mia',001),(0000000466,'Smith','Mason',002),(0000000467,'Martin','Harper',003),(0000000468,'Martin','Ethan',004),(0000000469,'Hernandez','William',001),(0000000470,'Garcia','Jacob',001),(0000000471,'Wilson','Noah',001),(0000000472,'Brown','Alexander',001),(0000000473,'Lopez','Isabella',005),(0000000474,'Martinez','James',005),(0000000475,'Johnson','Ethan',004),(0000000476,'Wilson','Sophia',003),(0000000477,'Taylor','Harper',002),(0000000478,'Anderson','Jacob',003),(0000000479,'Williams','Emma',005),(0000000480,'Jones','Emma',005),(0000000481,'Williams','Mia',004),(0000000482,'Davis','James',003),(0000000483,'Martin','Jacob',003),(0000000484,'Gonzalez','Harper',001),(0000000485,'Taylor','Olivia',005),(0000000486,'Johnson','Mason',001),(0000000487,'Smith','Abigail',001),(0000000488,'Hernandez','Olivia',002),(0000000489,'Garcia','Harper',005),(0000000490,'Wilson','Alexander',005),(0000000491,'Lee','Michael',003),(0000000492,'Johnson','James',003),(0000000493,'Taylor','Charlotte',004),(0000000494,'Anderson','Mason',002),(0000000495,'Garcia','Evelyn',004),(0000000496,'Wilson','Isabella',005),(0000000497,'Johnson','Ethan',005),(0000000498,'Miller','Ethan',003),(0000000499,'Jones','Evelyn',005),(0000000500,'Lee','Jacob',004),(0000000501,'Moore','Olivia',003),(0000000502,'Hernandez','Jacob',002),(0000000503,'Perez','Abigail',004),(0000000504,'Lopez','Abigail',002),(0000000505,'Williams','Noah',004),(0000000506,'Moore','Sophia',004),(0000000507,'Hernandez','Noah',004),(0000000508,'Anderson','Steven',002),(0000000509,'Jones','Mia',003),(0000000510,'Gonzalez','Jacob',002),(0000000511,'Garcia','Ethan',003),(0000000512,'Lee','Ava',002),(0000000513,'Smith','Isabella',002),(0000000514,'Martinez','Olivia',005),(0000000515,'Martinez','Sophia',003),(0000000516,'Hernandez','Olivia',004),(0000000517,'Taylor','Sophia',003),(0000000518,'Brown','Mia',003),(0000000519,'Martin','Steven',003),(0000000520,'Gonzalez','Isabella',002),(0000000521,'Wilson','Liam',003),(0000000522,'Rodriguez','William',004),(0000000523,'Anderson','Liam',001),(0000000524,'Smith','Emma',001),(0000000525,'Jones','Liam',005),(0000000526,'Davis','Steven',001),(0000000527,'Taylor','Mason',001),(0000000528,'Martinez','Steven',005),(0000000529,'Williams','Michael',003),(0000000530,'Johnson','Evelyn',005),(0000000531,'Garcia','Isabella',005),(0000000532,'Perez','Michael',004),(0000000533,'Wilson','Noah',003),(0000000534,'Brown','Evelyn',001),(0000000535,'Rodriguez','Olivia',005),(0000000536,'Perez','Michael',002),(0000000537,'Johnson','William',002),(0000000538,'Gonzalez','William',004),(0000000539,'Garcia','Ava',004),(0000000540,'Martin','Alexander',004),(0000000541,'Miller','Mason',003),(0000000542,'Miller','Harper',005),(0000000543,'Wilson','Michael',005),(0000000544,'Gonzalez','William',003),(0000000545,'Rodriguez','Michael',005),(0000000546,'Martinez','Mason',005),(0000000547,'Brown','Steven',005),(0000000548,'Brown','Isabella',002),(0000000549,'Garcia','Sophia',004),(0000000550,'Moore','Harper',005),(0000000551,'Moore','William',003),(0000000552,'Garcia','Steven',001),(0000000553,'Smith','Ethan',003),(0000000554,'Miller','Alexander',001),(0000000555,'Martin','Emma',003),(0000000556,'Gonzalez','Ava',004),(0000000557,'Anderson','Noah',004),(0000000558,'Smith','Steven',004),(0000000559,'Anderson','Noah',004),(0000000560,'Taylor','Alexander',005),(0000000561,'Williams','Ethan',004),(0000000562,'Perez','Sophia',002),(0000000563,'Gonzalez','Charlotte',005),(0000000564,'Jones','Sophia',004),(0000000565,'Williams','Steven',003),(0000000566,'Miller','Sophia',002),(0000000567,'Martin','Ava',001),(0000000568,'Martin','Charlotte',004),(0000000569,'Lee','William',003),(0000000570,'Jones','Emma',004),(0000000571,'Anderson','Mason',004),(0000000572,'Smith','Abigail',002),(0000000573,'Anderson','Liam',001),(0000000574,'Smith','William',003),(0000000575,'Anderson','Abigail',002),(0000000576,'Taylor','Olivia',001),(0000000577,'Wilson','Liam',003),(0000000578,'Smith','James',005),(0000000579,'Brown','Isabella',004),(0000000580,'Miller','William',003),(0000000581,'Johnson','Alexander',004),(0000000582,'Hernandez','Emma',001),(0000000583,'Gonzalez','Mia',005),(0000000584,'Anderson','Ethan',005),(0000000585,'Brown','Ethan',001),(0000000586,'Perez','Jacob',001),(0000000587,'Lopez','Ethan',004),(0000000588,'Brown','Abigail',003),(0000000589,'Lee','Charlotte',004),(0000000590,'Johnson','Harper',003),(0000000591,'Anderson','Isabella',001),(0000000592,'Moore','Olivia',004),(0000000593,'Davis','Olivia',005),(0000000594,'Perez','Mason',004),(0000000595,'Perez','William',005),(0000000596,'Smith','Liam',001),(0000000597,'Rodriguez','Noah',002),(0000000598,'Perez','Steven',001),(0000000599,'Lee','Noah',005),(0000000600,'Perez','Ava',003),(0000000601,'Jones','Liam',005),(0000000602,'Davis','Ava',003),(0000000603,'Johnson','Sophia',001),(0000000604,'Davis','Noah',002),(0000000605,'Hernandez','Harper',002),(0000000606,'Perez','Harper',001),(0000000607,'Lopez','Steven',001),(0000000608,'Gonzalez','Mia',004),(0000000609,'Jones','Steven',003),(0000000610,'Garcia','Charlotte',004),(0000000611,'Jones','Ethan',001),(0000000612,'Garcia','William',002),(0000000613,'Johnson','Alexander',003),(0000000614,'Miller','Emma',004),(0000000615,'Garcia','Ava',003),(0000000616,'Martinez','Liam',001),(0000000617,'Johnson','William',001),(0000000618,'Rodriguez','Liam',001),(0000000619,'Garcia','Jacob',003),(0000000620,'Brown','Ethan',004),(0000000621,'Lee','Alexander',004),(0000000622,'Brown','Emma',005),(0000000623,'Johnson','Harper',004),(0000000624,'Taylor','Isabella',002),(0000000625,'Garcia','Noah',001),(0000000626,'Lopez','Evelyn',004),(0000000627,'Hernandez','Mia',004),(0000000628,'Hernandez','Ava',001),(0000000629,'Garcia','Alexander',003),(0000000630,'Davis','Mia',003),(0000000631,'Davis','Abigail',001),(0000000632,'Garcia','Olivia',005),(0000000633,'Smith','Alexander',001),(0000000634,'Taylor','Sophia',003),(0000000635,'Davis','Charlotte',003),(0000000636,'Gonzalez','Sophia',004),(0000000637,'Hernandez','Charlotte',005),(0000000638,'Lopez','Charlotte',004),(0000000639,'Johnson','Liam',004),(0000000640,'Martin','Mia',005),(0000000641,'Jones','Olivia',002),(0000000642,'Smith','Liam',001),(0000000643,'Hernandez','Abigail',005),(0000000644,'Davis','William',001),(0000000645,'Anderson','Steven',002),(0000000646,'Johnson','Sophia',004),(0000000647,'Anderson','William',002),(0000000648,'Johnson','William',002),(0000000649,'Moore','Isabella',001),(0000000650,'Martinez','Alexander',002),(0000000651,'Miller','Noah',005),(0000000652,'Williams','Michael',004),(0000000653,'Garcia','Liam',002),(0000000654,'Miller','William',001),(0000000655,'Martin','William',002),(0000000656,'Hernandez','Ava',004),(0000000657,'Moore','Emma',005),(0000000658,'Taylor','Mia',001),(0000000659,'Rodriguez','Michael',001),(0000000660,'Davis','Isabella',001),(0000000661,'Johnson','Olivia',004),(0000000662,'Anderson','Emma',004),(0000000663,'Martinez','Charlotte',003),(0000000664,'Martin','Harper',002),(0000000665,'Lee','James',004),(0000000666,'Wilson','Sophia',002),(0000000667,'Lee','Michael',001),(0000000668,'Martinez','Olivia',005),(0000000669,'Lee','Mia',002),(0000000670,'Williams','Evelyn',002),(0000000671,'Miller','Emma',005),(0000000672,'Johnson','James',002),(0000000673,'Wilson','Mia',003),(0000000674,'Hernandez','Mason',004),(0000000675,'Johnson','Sophia',005),(0000000676,'Miller','Jacob',003),(0000000677,'Hernandez','Alexander',001),(0000000678,'Williams','Mia',003),(0000000679,'Brown','Mason',003),(0000000680,'Brown','Mason',004),(0000000681,'Garcia','Isabella',002),(0000000682,'Lopez','Mia',002),(0000000683,'Gonzalez','Michael',002),(0000000684,'Williams','Ethan',004),(0000000685,'Smith','Mason',003),(0000000686,'Lopez','Harper',004),(0000000687,'Perez','Isabella',004),(0000000688,'Jones','Isabella',004),(0000000689,'Rodriguez','Noah',004),(0000000690,'Jones','Alexander',002),(0000000691,'Williams','Charlotte',004),(0000000692,'Rodriguez','Sophia',005),(0000000693,'Gonzalez','Noah',003),(0000000694,'Brown','James',001),(0000000695,'Moore','William',002),(0000000696,'Garcia','Mia',005),(0000000697,'Garcia','Alexander',005),(0000000698,'Moore','Abigail',005),(0000000699,'Garcia','Abigail',001),(0000000700,'Lopez','Jacob',003),(0000000701,'Davis','Charlotte',001),(0000000702,'Gonzalez','Michael',002),(0000000703,'Rodriguez','Abigail',004),(0000000704,'Johnson','Liam',001),(0000000705,'Martinez','Mia',004),(0000000706,'Lee','Evelyn',002),(0000000707,'Martinez','Charlotte',003),(0000000708,'Johnson','Mason',001),(0000000709,'Anderson','Michael',001),(0000000710,'Brown','Ethan',003),(0000000711,'Perez','Abigail',003),(0000000712,'Taylor','Ava',001),(0000000713,'Martin','Ava',005),(0000000714,'Taylor','Ava',002),(0000000715,'Moore','Harper',003),(0000000716,'Wilson','Jacob',002),(0000000717,'Lopez','Olivia',003),(0000000718,'Taylor','Noah',003),(0000000719,'Johnson','William',003),(0000000720,'Williams','James',004),(0000000721,'Miller','Harper',002),(0000000722,'Martin','Sophia',003),(0000000723,'Jones','Alexander',005),(0000000724,'Johnson','Emma',005),(0000000725,'Perez','Alexander',005),(0000000726,'Miller','William',004),(0000000727,'Jones','William',003),(0000000728,'Jones','Olivia',001),(0000000729,'Martinez','Isabella',001),(0000000730,'Garcia','Jacob',004),(0000000731,'Miller','Isabella',002),(0000000732,'Moore','Noah',001),(0000000733,'Rodriguez','Olivia',004),(0000000734,'Gonzalez','Ethan',004),(0000000735,'Rodriguez','Emma',005),(0000000736,'Gonzalez','Liam',002),(0000000737,'Hernandez','Emma',003),(0000000738,'Moore','Michael',005),(0000000739,'Anderson','Michael',005),(0000000740,'Lee','Abigail',003),(0000000741,'Rodriguez','Sophia',003),(0000000742,'Martinez','Liam',002),(0000000743,'Lopez','William',003),(0000000744,'Lopez','Noah',002),(0000000745,'Gonzalez','Charlotte',001),(0000000746,'Rodriguez','Evelyn',005),(0000000747,'Williams','Jacob',005),(0000000748,'Miller','James',005),(0000000749,'Miller','James',004),(0000000750,'Hernandez','Isabella',003),(0000000751,'Miller','Ethan',002),(0000000752,'Smith','Liam',005),(0000000753,'Martin','Noah',005),(0000000754,'Jones','Harper',002),(0000000755,'Martinez','Charlotte',001),(0000000756,'Rodriguez','Mason',003),(0000000757,'Miller','Alexander',002),(0000000758,'Anderson','Ava',002),(0000000759,'Wilson','Liam',003),(0000000760,'Jones','Mia',004),(0000000761,'Martinez','Noah',002),(0000000762,'Brown','Ava',003),(0000000763,'Rodriguez','Emma',005),(0000000764,'Brown','Abigail',005),(0000000765,'Garcia','Harper',005),(0000000766,'Anderson','Ava',001),(0000000767,'Anderson','Alexander',002),(0000000768,'Johnson','Olivia',004),(0000000769,'Smith','Abigail',003),(0000000770,'Smith','Ethan',004),(0000000771,'Jones','Ethan',005),(0000000772,'Jones','Noah',004),(0000000773,'Anderson','Sophia',005),(0000000774,'Davis','Evelyn',001),(0000000775,'Lee','Noah',004),(0000000776,'Lopez','Ethan',003),(0000000777,'Anderson','Evelyn',005),(0000000778,'Hernandez','Steven',001),(0000000779,'Taylor','Steven',002),(0000000780,'Smith','Mia',004),(0000000781,'Brown','William',003),(0000000782,'Miller','Charlotte',003),(0000000783,'Gonzalez','Jacob',005),(0000000784,'Anderson','Emma',005),(0000000785,'Wilson','Olivia',004),(0000000786,'Hernandez','Ethan',003),(0000000787,'Brown','Mia',001),(0000000788,'Anderson','Michael',004),(0000000789,'Brown','Ethan',003),(0000000790,'Perez','Michael',004),(0000000791,'Perez','Evelyn',003),(0000000792,'Miller','Alexander',005),(0000000793,'Taylor','Harper',005),(0000000794,'Williams','William',004),(0000000795,'Perez','Steven',005),(0000000796,'Smith','William',004),(0000000797,'Rodriguez','Evelyn',004),(0000000798,'Taylor','Jacob',004),(0000000799,'Jones','Olivia',003),(0000000800,'Lopez','Olivia',004),(0000000801,'Wilson','Evelyn',001),(0000000802,'Rodriguez','Isabella',004),(0000000803,'Jones','Ethan',002),(0000000804,'Anderson','Charlotte',003),(0000000805,'Taylor','James',005),(0000000806,'Jones','Charlotte',001),(0000000807,'Moore','Harper',002),(0000000808,'Taylor','William',002),(0000000809,'Brown','Olivia',001),(0000000810,'Garcia','Abigail',005),(0000000811,'Davis','Evelyn',002),(0000000812,'Wilson','Emma',002),(0000000813,'Lee','Charlotte',005),(0000000814,'Wilson','Jacob',002),(0000000815,'Martinez','Ethan',002),(0000000816,'Martin','Sophia',001),(0000000817,'Jones','Steven',003),(0000000818,'Williams','Evelyn',001),(0000000819,'Lee','Mason',002),(0000000820,'Lopez','William',004),(0000000821,'Smith','Isabella',002),(0000000822,'Jones','Michael',001),(0000000823,'Wilson','William',001),(0000000824,'Rodriguez','Ethan',002),(0000000825,'Gonzalez','Emma',001),(0000000826,'Taylor','Abigail',003),(0000000827,'Smith','Evelyn',004),(0000000828,'Johnson','Noah',003),(0000000829,'Jones','Alexander',001),(0000000830,'Hernandez','Noah',002),(0000000831,'Williams','Jacob',005),(0000000832,'Gonzalez','Alexander',005),(0000000833,'Anderson','Ava',003),(0000000834,'Martin','Mason',002),(0000000835,'Perez','Alexander',004),(0000000836,'Williams','Ava',005),(0000000837,'Lopez','Harper',003),(0000000838,'Hernandez','Ava',005),(0000000839,'Hernandez','Mia',002),(0000000840,'Davis','Isabella',004),(0000000841,'Jones','Olivia',001),(0000000842,'Smith','William',001),(0000000843,'Miller','Abigail',005),(0000000844,'Jones','Harper',004),(0000000845,'Rodriguez','Steven',005),(0000000846,'Miller','Mason',005),(0000000847,'Johnson','Evelyn',004),(0000000848,'Wilson','Sophia',003),(0000000849,'Brown','Olivia',002),(0000000850,'Jones','Steven',004),(0000000851,'Miller','Harper',005),(0000000852,'Hernandez','Charlotte',001),(0000000853,'Gonzalez','Sophia',003),(0000000854,'Davis','Harper',004),(0000000855,'Garcia','James',002),(0000000856,'Moore','William',004),(0000000857,'Martin','Ava',001),(0000000858,'Wilson','Sophia',001),(0000000859,'Gonzalez','Evelyn',004),(0000000860,'Smith','Alexander',003),(0000000861,'Williams','Abigail',003),(0000000862,'Rodriguez','Michael',003),(0000000863,'Jones','James',003),(0000000864,'Martin','Charlotte',003),(0000000865,'Jones','Jacob',002),(0000000866,'Smith','Noah',004),(0000000867,'Moore','Michael',005),(0000000868,'Wilson','Alexander',002),(0000000869,'Gonzalez','William',004),(0000000870,'Jones','Sophia',001),(0000000871,'Gonzalez','Michael',001),(0000000872,'Martin','Harper',003),(0000000873,'Williams','Sophia',001),(0000000874,'Perez','Emma',004),(0000000875,'Anderson','Charlotte',002),(0000000876,'Johnson','Jacob',001),(0000000877,'Perez','Alexander',004),(0000000878,'Martinez','Michael',004),(0000000879,'Lopez','Ava',002),(0000000880,'Lopez','William',005),(0000000881,'Lee','Emma',002),(0000000882,'Miller','Evelyn',003),(0000000883,'Williams','Alexander',003),(0000000884,'Gonzalez','Abigail',003),(0000000885,'Wilson','Isabella',001),(0000000886,'Johnson','Mason',005),(0000000887,'Martinez','Ava',004),(0000000888,'Rodriguez','William',005),(0000000889,'Moore','Liam',005),(0000000890,'Martin','Ethan',004),(0000000891,'Johnson','Evelyn',005),(0000000892,'Martin','Isabella',003),(0000000893,'Davis','Mason',005),(0000000894,'Miller','Charlotte',001),(0000000895,'Anderson','Ava',005),(0000000896,'Moore','Harper',005),(0000000897,'Brown','Olivia',003),(0000000898,'Garcia','Ava',001),(0000000899,'Lopez','Liam',005),(0000000900,'Moore','Evelyn',001),(0000000901,'Wilson','Mia',004),(0000000902,'Brown','Ethan',003),(0000000903,'Lopez','Mia',001),(0000000904,'Anderson','Steven',005),(0000000905,'Rodriguez','Ava',002),(0000000906,'Rodriguez','Ava',003),(0000000907,'Jones','Mason',002),(0000000908,'Garcia','Emma',001),(0000000909,'Rodriguez','Olivia',001),(0000000910,'Martinez','Harper',005),(0000000911,'Martin','Harper',002),(0000000912,'Davis','Ava',005),(0000000913,'Gonzalez','Noah',003),(0000000914,'Gonzalez','Sophia',005),(0000000915,'Anderson','Sophia',004),(0000000916,'Lee','Liam',003),(0000000917,'Miller','Ethan',004),(0000000918,'Miller','Abigail',003),(0000000919,'Miller','Abigail',001),(0000000920,'Wilson','Ethan',003),(0000000921,'Martin','Mason',004),(0000000922,'Brown','Steven',003),(0000000923,'Lopez','William',003),(0000000924,'Brown','Steven',003),(0000000925,'Lopez','Alexander',005),(0000000926,'Anderson','Harper',001),(0000000927,'Miller','Evelyn',005),(0000000928,'Williams','Evelyn',001),(0000000929,'Martinez','Sophia',004),(0000000930,'Martin','Emma',003),(0000000931,'Gonzalez','Ava',002),(0000000932,'Garcia','Abigail',003),(0000000933,'Brown','Mia',002),(0000000934,'Lee','Ava',003),(0000000935,'Martinez','Abigail',001),(0000000936,'Martinez','Michael',001),(0000000937,'Taylor','Alexander',003),(0000000938,'Williams','Steven',003),(0000000939,'Moore','Isabella',003),(0000000940,'Gonzalez','Abigail',004),(0000000941,'Lee','Isabella',004),(0000000942,'Garcia','Olivia',002),(0000000943,'Lee','Olivia',004),(0000000944,'Johnson','Sophia',002),(0000000945,'Brown','Mason',005),(0000000946,'Johnson','William',004),(0000000947,'Lopez','Alexander',002),(0000000948,'Anderson','Mason',003),(0000000949,'Anderson','Isabella',001),(0000000950,'Taylor','Noah',001),(0000000951,'Wilson','Ava',002),(0000000952,'Anderson','Sophia',002),(0000000953,'Garcia','Mia',004),(0000000954,'Jones','Liam',002),(0000000955,'Perez','Sophia',002),(0000000956,'Davis','Noah',004),(0000000957,'Davis','Harper',005),(0000000958,'Smith','Evelyn',005),(0000000959,'Moore','Ethan',005),(0000000960,'Taylor','Ava',001),(0000000961,'Rodriguez','Harper',003),(0000000962,'Taylor','Evelyn',002),(0000000963,'Davis','Ava',001),(0000000964,'Martin','Michael',002),(0000000965,'Anderson','Noah',004),(0000000966,'Rodriguez','Liam',002),(0000000967,'Anderson','Evelyn',003),(0000000968,'Brown','James',003),(0000000969,'Lopez','Alexander',005),(0000000970,'Moore','Mia',004),(0000000971,'Brown','Steven',003),(0000000972,'Johnson','Jacob',004),(0000000973,'Miller','Jacob',001),(0000000974,'Johnson','Ethan',005),(0000000975,'Smith','Alexander',003),(0000000976,'Jones','Abigail',003),(0000000977,'Miller','Sophia',002),(0000000978,'Rodriguez','Olivia',002),(0000000979,'Miller','Abigail',001),(0000000980,'Garcia','Jacob',001),(0000000981,'Perez','Evelyn',003),(0000000982,'Moore','Olivia',005),(0000000983,'Taylor','Isabella',002),(0000000984,'Jones','Sophia',003),(0000000985,'Brown','Ava',004),(0000000986,'Wilson','Ava',001),(0000000987,'Hernandez','Steven',001),(0000000988,'Davis','Evelyn',001),(0000000989,'Anderson','William',005),(0000000990,'Martin','Olivia',002),(0000000991,'Martin','Ava',004),(0000000992,'Miller','Ethan',001),(0000000993,'Williams','Sophia',001),(0000000994,'Martinez','Evelyn',005),(0000000995,'Brown','Ava',001),(0000000996,'Williams','Olivia',003),(0000000997,'Anderson','Isabella',001),(0000000998,'Garcia','Michael',001),(0000000999,'Brown','Sophia',002),(0000001000,'Anderson','Jacob',004);
/*!40000 ALTER TABLE `customer` ENABLE KEYS */;
UNLOCK TABLES;

--
-- Table structure for table `insurance`
--

DROP TABLE IF EXISTS `insurance`;
/*!40101 SET @saved_cs_client     = @@character_set_client */;
/*!50503 SET character_set_client = utf8mb4 */;
CREATE TABLE `insurance` (
  `insurance_id` tinyint(3) unsigned zerofill NOT NULL AUTO_INCREMENT,
  `name` varchar(20) NOT NULL,
  PRIMARY KEY (`insurance_id`),
  UNIQUE KEY `name_UNIQUE` (`name`)
) ENGINE=InnoDB AUTO_INCREMENT=6 DEFAULT CHARSET=utf8mb4 COLLATE=utf8mb4_0900_ai_ci;
/*!40101 SET character_set_client = @saved_cs_client */;

--
-- Dumping data for table `insurance`
--

LOCK TABLES `insurance` WRITE;
/*!40000 ALTER TABLE `insurance` DISABLE KEYS */;
INSERT INTO `insurance` VALUES (005,'AAA'),(004,'Allstate'),(002,'Geico'),(003,'Progressive'),(001,'State Farm');
/*!40000 ALTER TABLE `insurance` ENABLE KEYS */;
UNLOCK TABLES;

--
-- Table structure for table `payment`
--

DROP TABLE IF EXISTS `payment`;
/*!40101 SET @saved_cs_client     = @@character_set_client */;
/*!50503 SET character_set_client = utf8mb4 */;
CREATE TABLE `payment` (
  `payment_id` int(10) unsigned zerofill NOT NULL AUTO_INCREMENT,
  `amount` decimal(6,2) unsigned zerofill NOT NULL,
  `pay_dt` datetime NOT NULL,
  PRIMARY KEY (`payment_id`)
) ENGINE=InnoDB AUTO_INCREMENT=2217 DEFAULT CHARSET=utf8mb4 COLLATE=utf8mb4_0900_ai_ci;
/*!40101 SET character_set_client = @saved_cs_client */;

--
-- Dumping data for table `payment`
--

LOCK TABLES `payment` WRITE;
/*!40000 ALTER TABLE `payment` DISABLE KEYS */;
INSERT INTO `payment` VALUES (0000000001,0252.00,'2022-01-07 17:16:41'),(0000000002,0118.00,'2022-01-07 17:27:26'),(0000000003,0204.00,'2022-01-07 17:33:43'),(0000000004,0174.00,'2022-01-07 17:50:31'),(0000000005,0148.00,'2022-01-07 17:50:42'),(0000000006,0196.00,'2022-01-07 18:03:57'),(0000000007,0106.00,'2022-01-07 18:23:49'),(0000000008,0268.00,'2022-01-07 18:31:19'),(0000000009,0100.00,'2022-01-07 18:47:07'),(0000000010,0200.00,'2022-01-07 18:58:32'),(0000000011,0106.00,'2022-01-07 19:14:54'),(0000000012,0124.00,'2022-01-07 19:16:32'),(0000000013,0104.00,'2022-01-07 19:39:44'),(0000000014,0238.00,'2022-01-07 19:40:36'),(0000000015,0128.00,'2022-01-07 20:04:56'),(0000000016,0134.00,'2022-01-07 20:24:25'),(0000000017,0204.00,'2022-01-07 20:35:47'),(0000000018,0122.00,'2022-01-07 20:38:50'),(0000000019,0196.00,'2022-01-07 20:39:16'),(0000000020,0228.00,'2022-01-07 20:48:43'),(0000000021,0214.00,'2022-01-07 21:15:16'),(0000000022,0194.00,'2022-01-07 21:22:55'),(0000000023,0220.00,'2022-01-07 21:40:18'),(0000000024,0198.00,'2022-01-07 22:00:17'),(0000000025,0248.00,'2022-01-07 22:06:57'),(0000000026,0290.00,'2022-01-07 22:12:41'),(0000000027,0290.00,'2022-01-07 22:17:43'),(0000000028,0290.00,'2022-01-07 22:23:01'),(0000000029,0152.00,'2022-01-07 22:27:02'),(0000000030,0290.00,'2022-01-07 22:32:24'),(0000000031,0276.00,'2022-01-07 22:38:19'),(0000000032,0108.00,'2022-01-07 22:45:29'),(0000000033,0276.00,'2022-01-07 22:45:45'),(0000000034,0186.00,'2022-01-07 22:54:07'),(0000000064,0232.00,'2022-01-14 17:04:58'),(0000000065,0206.00,'2022-01-14 17:13:51'),(0000000066,0112.00,'2022-01-14 17:22:13'),(0000000067,0228.00,'2022-01-14 17:23:00'),(0000000068,0228.00,'2022-01-14 17:25:25'),(0000000069,0290.00,'2022-01-14 17:37:27'),(0000000070,0182.00,'2022-01-14 17:48:03'),(0000000071,0198.00,'2022-01-14 17:49:30'),(0000000072,0106.00,'2022-01-14 17:53:13'),(0000000073,0182.00,'2022-01-14 18:05:20'),(0000000074,0268.00,'2022-01-14 18:08:52'),(0000000075,0182.00,'2022-01-14 18:17:07'),(0000000076,0246.00,'2022-01-14 18:28:51'),(0000000077,0152.00,'2022-01-14 18:45:05'),(0000000078,0252.00,'2022-01-14 18:45:47'),(0000000079,0246.00,'2022-01-14 19:07:05'),(0000000080,0226.00,'2022-01-14 19:07:55'),(0000000081,0160.00,'2022-01-14 19:20:24'),(0000000082,0112.00,'2022-01-14 19:20:49'),(0000000083,0268.00,'2022-01-14 19:44:44'),(0000000084,0120.00,'2022-01-14 19:45:34'),(0000000085,0204.00,'2022-01-14 20:21:10'),(0000000086,0288.00,'2022-01-14 20:38:00'),(0000000087,0138.00,'2022-01-14 20:59:50'),(0000000088,0196.00,'2022-01-14 21:19:26'),(0000000089,0134.00,'2022-01-14 21:40:39'),(0000000090,0192.00,'2022-01-14 22:12:24'),(0000000091,0194.00,'2022-01-14 22:18:15'),(0000000092,0106.00,'2022-01-14 22:29:30'),(0000000093,0214.00,'2022-01-14 22:34:29'),(0000000094,0128.00,'2022-01-14 22:38:02'),(0000000095,0290.00,'2022-01-14 22:40:54'),(0000000096,0106.00,'2022-01-14 22:44:03'),(0000000097,0198.00,'2022-01-14 22:46:01'),(0000000098,0234.00,'2022-01-14 22:46:46'),(0000000099,0296.00,'2022-01-14 22:51:22'),(0000000100,0120.00,'2022-01-14 22:52:23'),(0000000127,0228.00,'2022-01-21 17:04:36'),(0000000128,0192.00,'2022-01-21 17:09:42'),(0000000129,0152.00,'2022-01-21 17:33:34'),(0000000130,0114.00,'2022-01-21 17:40:45'),(0000000131,0194.00,'2022-01-21 17:55:15'),(0000000132,0200.00,'2022-01-21 18:02:50'),(0000000133,0268.00,'2022-01-21 18:11:31'),(0000000134,0122.00,'2022-01-21 18:33:22'),(0000000135,0268.00,'2022-01-21 18:33:26'),(0000000136,0108.00,'2022-01-21 18:41:59'),(0000000137,0132.00,'2022-01-21 19:18:42'),(0000000138,0128.00,'2022-01-21 19:31:26'),(0000000139,0176.00,'2022-01-21 19:31:33'),(0000000140,0232.00,'2022-01-21 19:43:27'),(0000000141,0238.00,'2022-01-21 19:57:56'),(0000000142,0260.00,'2022-01-21 20:36:01'),(0000000143,0292.00,'2022-01-21 20:38:36'),(0000000144,0294.00,'2022-01-21 20:57:47'),(0000000145,0104.00,'2022-01-21 21:01:39'),(0000000146,0174.00,'2022-01-21 21:37:00'),(0000000147,0204.00,'2022-01-21 21:41:12'),(0000000148,0228.00,'2022-01-21 21:52:51'),(0000000149,0152.00,'2022-01-21 22:00:43'),(0000000150,0124.00,'2022-01-21 22:10:51'),(0000000151,0218.00,'2022-01-21 22:13:49'),(0000000152,0218.00,'2022-01-21 22:25:18'),(0000000153,0194.00,'2022-01-21 22:31:49'),(0000000154,0248.00,'2022-01-21 22:54:19'),(0000000158,0198.00,'2022-01-28 17:01:16'),(0000000159,0290.00,'2022-01-28 17:26:37'),(0000000160,0194.00,'2022-01-28 17:34:06'),(0000000161,0204.00,'2022-01-28 17:52:58'),(0000000162,0244.00,'2022-01-28 18:15:04'),(0000000163,0174.00,'2022-01-28 18:24:34'),(0000000164,0220.00,'2022-01-28 18:37:44'),(0000000165,0218.00,'2022-01-28 18:48:23'),(0000000166,0198.00,'2022-01-28 19:19:03'),(0000000167,0232.00,'2022-01-28 19:32:36'),(0000000168,0296.00,'2022-01-28 19:51:29'),(0000000169,0204.00,'2022-01-28 20:54:56'),(0000000170,0192.00,'2022-01-28 21:08:35'),(0000000171,0182.00,'2022-01-28 21:41:30'),(0000000172,0260.00,'2022-01-28 22:10:57'),(0000000173,0120.00,'2022-01-28 22:38:43'),(0000000174,0246.00,'2022-01-28 22:39:38'),(0000000189,0228.00,'2022-02-04 17:21:42'),(0000000190,0188.00,'2022-02-04 17:26:27'),(0000000191,0182.00,'2022-02-04 17:29:06'),(0000000192,0152.00,'2022-02-04 17:37:46'),(0000000193,0196.00,'2022-02-04 17:42:18'),(0000000194,0138.00,'2022-02-04 17:47:08'),(0000000195,0290.00,'2022-02-04 17:54:21'),(0000000196,0244.00,'2022-02-04 18:00:31'),(0000000197,0176.00,'2022-02-04 18:07:28'),(0000000198,0194.00,'2022-02-04 18:11:25'),(0000000199,0228.00,'2022-02-04 18:15:24'),(0000000200,0292.00,'2022-02-04 18:16:49'),(0000000201,0232.00,'2022-02-04 18:20:02'),(0000000202,0186.00,'2022-02-04 18:38:59'),(0000000203,0108.00,'2022-02-04 18:46:54'),(0000000204,0260.00,'2022-02-04 19:01:23'),(0000000205,0238.00,'2022-02-04 19:18:36'),(0000000206,0124.00,'2022-02-04 19:20:49'),(0000000207,0182.00,'2022-02-04 19:22:14'),(0000000208,0290.00,'2022-02-04 19:53:59'),(0000000209,0246.00,'2022-02-04 20:21:44'),(0000000210,0132.00,'2022-02-04 20:22:11'),(0000000211,0120.00,'2022-02-04 21:01:37'),(0000000212,0198.00,'2022-02-04 21:18:10'),(0000000213,0128.00,'2022-02-04 21:23:49'),(0000000214,0164.00,'2022-02-04 21:29:43'),(0000000215,0204.00,'2022-02-04 21:34:34'),(0000000216,0162.00,'2022-02-04 21:34:50'),(0000000217,0112.00,'2022-02-04 21:53:27'),(0000000218,0110.00,'2022-02-04 22:05:42'),(0000000219,0246.00,'2022-02-04 22:14:58'),(0000000220,0276.00,'2022-02-04 22:28:43'),(0000000221,0194.00,'2022-02-04 22:32:03'),(0000000222,0214.00,'2022-02-04 22:36:01'),(0000000223,0208.00,'2022-02-04 22:39:26'),(0000000224,0294.00,'2022-02-04 22:40:26'),(0000000225,0226.00,'2022-02-04 22:42:13'),(0000000226,0174.00,'2022-02-04 22:49:47'),(0000000252,0104.00,'2022-02-11 17:05:15'),(0000000253,0252.00,'2022-02-11 17:08:59'),(0000000254,0120.00,'2022-02-11 17:18:35'),(0000000255,0228.00,'2022-02-11 17:19:08'),(0000000256,0268.00,'2022-02-11 17:36:44'),(0000000257,0210.00,'2022-02-11 17:39:02'),(0000000258,0246.00,'2022-02-11 17:43:20'),(0000000259,0108.00,'2022-02-11 17:55:32'),(0000000260,0208.00,'2022-02-11 17:57:39'),(0000000261,0290.00,'2022-02-11 18:14:42'),(0000000262,0294.00,'2022-02-11 18:24:34'),(0000000263,0216.00,'2022-02-11 18:32:20'),(0000000264,0204.00,'2022-02-11 18:53:20'),(0000000265,0112.00,'2022-02-11 19:02:44'),(0000000266,0290.00,'2022-02-11 19:08:09'),(0000000267,0288.00,'2022-02-11 19:12:00'),(0000000268,0100.00,'2022-02-11 19:28:28'),(0000000269,0106.00,'2022-02-11 19:35:12'),(0000000270,0118.00,'2022-02-11 19:38:16'),(0000000271,0290.00,'2022-02-11 19:59:55'),(0000000272,0248.00,'2022-02-11 20:02:51'),(0000000273,0112.00,'2022-02-11 20:03:39'),(0000000274,0230.00,'2022-02-11 20:19:54'),(0000000275,0162.00,'2022-02-11 20:44:55'),(0000000276,0292.00,'2022-02-11 20:50:00'),(0000000277,0244.00,'2022-02-11 21:06:59'),(0000000278,0204.00,'2022-02-11 21:16:59'),(0000000279,0104.00,'2022-02-11 21:23:21'),(0000000280,0182.00,'2022-02-11 21:49:40'),(0000000281,0152.00,'2022-02-11 21:57:43'),(0000000282,0218.00,'2022-02-11 22:01:35'),(0000000283,0200.00,'2022-02-11 22:05:46'),(0000000284,0188.00,'2022-02-11 22:20:30'),(0000000285,0284.00,'2022-02-11 22:23:53'),(0000000286,0106.00,'2022-02-11 22:30:10'),(0000000287,0110.00,'2022-02-11 22:52:46'),(0000000315,0152.00,'2022-02-18 17:08:12'),(0000000316,0230.00,'2022-02-18 21:27:32'),(0000000318,0164.00,'2022-02-25 17:09:40'),(0000000319,0100.00,'2022-02-25 17:17:30'),(0000000320,0152.00,'2022-02-25 17:25:57'),(0000000321,0210.00,'2022-02-25 17:31:57'),(0000000322,0194.00,'2022-02-25 17:37:24'),(0000000323,0288.00,'2022-02-25 17:44:44'),(0000000324,0108.00,'2022-02-25 17:45:17'),(0000000325,0182.00,'2022-02-25 17:52:59'),(0000000326,0214.00,'2022-02-25 17:59:02'),(0000000327,0268.00,'2022-02-25 18:41:28'),(0000000328,0138.00,'2022-02-25 18:58:31'),(0000000329,0188.00,'2022-02-25 19:14:18'),(0000000330,0196.00,'2022-02-25 19:33:06'),(0000000331,0204.00,'2022-02-25 19:39:11'),(0000000332,0290.00,'2022-02-25 19:39:18'),(0000000333,0226.00,'2022-02-25 19:52:02'),(0000000334,0122.00,'2022-02-25 19:54:07'),(0000000335,0198.00,'2022-02-25 20:53:11'),(0000000336,0214.00,'2022-02-25 21:24:27'),(0000000337,0232.00,'2022-02-25 21:32:32'),(0000000338,0290.00,'2022-02-25 21:34:15'),(0000000339,0268.00,'2022-02-25 21:35:25'),(0000000340,0118.00,'2022-02-25 21:54:17'),(0000000341,0228.00,'2022-02-25 22:02:04'),(0000000342,0244.00,'2022-02-25 22:05:12'),(0000000343,0200.00,'2022-02-25 22:45:05'),(0000000344,0218.00,'2022-02-25 22:50:51'),(0000000349,0210.00,'2022-03-04 17:42:27'),(0000000350,0272.00,'2022-03-04 17:55:01'),(0000000351,0164.00,'2022-03-04 17:59:19'),(0000000352,0204.00,'2022-03-04 18:04:28'),(0000000353,0252.00,'2022-03-04 18:08:04'),(0000000354,0238.00,'2022-03-04 18:11:44'),(0000000355,0106.00,'2022-03-04 18:17:21'),(0000000356,0292.00,'2022-03-04 18:17:42'),(0000000357,0268.00,'2022-03-04 19:02:51'),(0000000358,0152.00,'2022-03-04 19:42:33'),(0000000359,0276.00,'2022-03-04 19:48:56'),(0000000360,0112.00,'2022-03-04 19:57:02'),(0000000361,0118.00,'2022-03-04 20:10:50'),(0000000362,0218.00,'2022-03-04 20:13:04'),(0000000363,0152.00,'2022-03-04 20:15:02'),(0000000364,0224.00,'2022-03-04 20:45:43'),(0000000365,0120.00,'2022-03-04 21:21:33'),(0000000366,0114.00,'2022-03-04 21:31:11'),(0000000367,0148.00,'2022-03-04 21:43:18'),(0000000368,0138.00,'2022-03-04 21:45:55'),(0000000369,0108.00,'2022-03-04 22:13:51'),(0000000370,0268.00,'2022-03-04 22:49:46'),(0000000380,0152.00,'2022-03-11 17:04:42'),(0000000381,0196.00,'2022-03-11 17:11:45'),(0000000382,0182.00,'2022-03-11 17:39:52'),(0000000383,0108.00,'2022-03-11 17:43:05'),(0000000384,0196.00,'2022-03-11 18:12:06'),(0000000385,0104.00,'2022-03-11 18:14:33'),(0000000386,0228.00,'2022-03-11 18:26:28'),(0000000387,0112.00,'2022-03-11 18:35:42'),(0000000388,0228.00,'2022-03-11 18:38:31'),(0000000389,0204.00,'2022-03-11 18:52:13'),(0000000390,0288.00,'2022-03-11 19:29:59'),(0000000391,0182.00,'2022-03-11 20:10:11'),(0000000392,0230.00,'2022-03-11 20:26:15'),(0000000393,0100.00,'2022-03-11 20:39:08'),(0000000394,0106.00,'2022-03-11 20:41:30'),(0000000395,0268.00,'2022-03-11 21:13:16'),(0000000396,0162.00,'2022-03-11 21:25:42'),(0000000397,0252.00,'2022-03-11 21:32:21'),(0000000398,0224.00,'2022-03-11 22:00:25'),(0000000399,0198.00,'2022-03-11 22:10:44'),(0000000411,0198.00,'2022-03-18 17:06:03'),(0000000412,0112.00,'2022-03-18 17:06:07'),(0000000413,0214.00,'2022-03-18 17:06:41'),(0000000414,0164.00,'2022-03-18 17:09:57'),(0000000415,0174.00,'2022-03-18 17:36:06'),(0000000416,0204.00,'2022-03-18 17:41:12'),(0000000417,0204.00,'2022-03-18 17:52:33'),(0000000418,0106.00,'2022-03-18 17:58:29'),(0000000419,0114.00,'2022-03-18 18:20:19'),(0000000420,0228.00,'2022-03-18 18:27:02'),(0000000421,0104.00,'2022-03-18 18:37:43'),(0000000422,0100.00,'2022-03-18 18:44:49'),(0000000423,0246.00,'2022-03-18 18:49:59'),(0000000424,0234.00,'2022-03-18 18:51:37'),(0000000425,0112.00,'2022-03-18 19:01:27'),(0000000426,0176.00,'2022-03-18 19:13:36'),(0000000427,0200.00,'2022-03-18 19:22:02'),(0000000428,0196.00,'2022-03-18 19:25:05'),(0000000429,0122.00,'2022-03-18 19:26:48'),(0000000430,0182.00,'2022-03-18 19:53:12'),(0000000431,0296.00,'2022-03-18 19:56:08'),(0000000432,0138.00,'2022-03-18 19:57:49'),(0000000433,0290.00,'2022-03-18 19:59:03'),(0000000434,0148.00,'2022-03-18 20:01:05'),(0000000435,0288.00,'2022-03-18 20:05:07'),(0000000436,0292.00,'2022-03-18 20:25:09'),(0000000437,0232.00,'2022-03-18 20:32:08'),(0000000438,0210.00,'2022-03-18 20:34:43'),(0000000439,0228.00,'2022-03-18 20:36:59'),(0000000440,0218.00,'2022-03-18 20:37:15'),(0000000441,0124.00,'2022-03-18 20:40:43'),(0000000442,0132.00,'2022-03-18 20:44:47'),(0000000443,0290.00,'2022-03-18 20:50:02'),(0000000444,0238.00,'2022-03-18 21:00:22'),(0000000445,0268.00,'2022-03-18 21:32:23'),(0000000446,0294.00,'2022-03-18 21:41:29'),(0000000447,0228.00,'2022-03-18 21:43:06'),(0000000448,0252.00,'2022-03-18 22:05:02'),(0000000449,0152.00,'2022-03-18 22:15:22'),(0000000450,0260.00,'2022-03-18 22:22:30'),(0000000451,0192.00,'2022-03-18 22:32:21'),(0000000474,0182.00,'2022-03-25 17:07:07'),(0000000475,0106.00,'2022-03-25 17:10:54'),(0000000476,0228.00,'2022-03-25 17:12:32'),(0000000477,0252.00,'2022-03-25 17:12:36'),(0000000478,0182.00,'2022-03-25 17:30:04'),(0000000479,0232.00,'2022-03-25 17:33:07'),(0000000480,0290.00,'2022-03-25 17:34:51'),(0000000481,0210.00,'2022-03-25 17:55:44'),(0000000482,0134.00,'2022-03-25 18:00:20'),(0000000483,0104.00,'2022-03-25 18:00:37'),(0000000484,0186.00,'2022-03-25 18:16:08'),(0000000485,0216.00,'2022-03-25 18:24:18'),(0000000486,0252.00,'2022-03-25 18:28:41'),(0000000487,0110.00,'2022-03-25 18:37:57'),(0000000488,0176.00,'2022-03-25 18:55:34'),(0000000489,0120.00,'2022-03-25 18:55:52'),(0000000490,0246.00,'2022-03-25 19:02:35'),(0000000491,0206.00,'2022-03-25 19:07:35'),(0000000492,0204.00,'2022-03-25 19:10:08'),(0000000493,0100.00,'2022-03-25 19:11:48'),(0000000494,0226.00,'2022-03-25 19:17:09'),(0000000495,0152.00,'2022-03-25 19:31:19'),(0000000496,0268.00,'2022-03-25 19:31:35'),(0000000497,0108.00,'2022-03-25 19:46:22'),(0000000498,0208.00,'2022-03-25 19:47:44'),(0000000499,0108.00,'2022-03-25 19:59:00'),(0000000500,0246.00,'2022-03-25 20:30:14'),(0000000501,0148.00,'2022-03-25 20:40:27'),(0000000502,0246.00,'2022-03-25 20:45:17'),(0000000503,0112.00,'2022-03-25 20:49:04'),(0000000504,0288.00,'2022-03-25 21:10:13'),(0000000505,0200.00,'2022-03-25 21:10:50'),(0000000506,0132.00,'2022-03-25 21:13:30'),(0000000507,0290.00,'2022-03-25 21:13:30'),(0000000508,0276.00,'2022-03-25 21:21:20'),(0000000509,0268.00,'2022-03-25 21:52:08'),(0000000510,0272.00,'2022-03-25 21:56:19'),(0000000511,0218.00,'2022-03-25 22:08:24'),(0000000512,0112.00,'2022-03-25 22:17:53'),(0000000513,0194.00,'2022-03-25 22:49:57'),(0000000537,0260.00,'2022-04-01 17:08:26'),(0000000538,0218.00,'2022-04-01 17:11:33'),(0000000539,0220.00,'2022-04-01 17:26:09'),(0000000540,0120.00,'2022-04-01 17:28:30'),(0000000541,0186.00,'2022-04-01 17:31:01'),(0000000542,0100.00,'2022-04-01 18:02:54'),(0000000543,0148.00,'2022-04-01 18:21:22'),(0000000544,0198.00,'2022-04-01 18:34:18'),(0000000545,0228.00,'2022-04-01 18:53:58'),(0000000546,0284.00,'2022-04-01 19:23:52'),(0000000547,0206.00,'2022-04-01 19:55:03'),(0000000548,0290.00,'2022-04-01 20:06:29'),(0000000549,0230.00,'2022-04-01 20:46:10'),(0000000550,0268.00,'2022-04-01 20:47:12'),(0000000551,0248.00,'2022-04-01 20:48:07'),(0000000552,0110.00,'2022-04-01 21:08:03'),(0000000553,0112.00,'2022-04-01 21:12:44'),(0000000554,0210.00,'2022-04-01 21:27:32'),(0000000555,0194.00,'2022-04-01 21:33:04'),(0000000556,0182.00,'2022-04-01 21:45:52'),(0000000557,0246.00,'2022-04-01 21:47:45'),(0000000558,0112.00,'2022-04-01 22:03:30'),(0000000559,0200.00,'2022-04-01 22:04:13'),(0000000560,0216.00,'2022-04-01 22:25:51'),(0000000561,0138.00,'2022-04-01 22:32:56'),(0000000568,0290.00,'2022-04-08 17:23:41'),(0000000569,0186.00,'2022-04-08 18:25:52'),(0000000570,0246.00,'2022-04-08 18:31:40'),(0000000571,0118.00,'2022-04-08 18:32:20'),(0000000572,0216.00,'2022-04-08 19:05:16'),(0000000573,0160.00,'2022-04-08 19:28:52'),(0000000574,0182.00,'2022-04-08 19:32:17'),(0000000575,0296.00,'2022-04-08 20:06:51'),(0000000576,0214.00,'2022-04-08 20:35:29'),(0000000577,0210.00,'2022-04-08 21:12:46'),(0000000578,0260.00,'2022-04-08 21:38:49'),(0000000579,0182.00,'2022-04-08 21:40:52'),(0000000580,0128.00,'2022-04-08 21:47:30'),(0000000581,0276.00,'2022-04-08 21:56:20'),(0000000582,0214.00,'2022-04-08 22:22:39'),(0000000583,0128.00,'2022-04-15 17:24:18'),(0000000584,0228.00,'2022-04-15 17:27:45'),(0000000585,0214.00,'2022-04-15 17:55:51'),(0000000586,0228.00,'2022-04-15 18:01:38'),(0000000587,0248.00,'2022-04-15 18:53:14'),(0000000588,0296.00,'2022-04-15 19:09:57'),(0000000589,0182.00,'2022-04-15 19:15:22'),(0000000590,0138.00,'2022-04-15 19:16:55'),(0000000591,0118.00,'2022-04-15 19:34:21'),(0000000592,0106.00,'2022-04-15 19:34:56'),(0000000593,0160.00,'2022-04-15 19:48:39'),(0000000594,0198.00,'2022-04-15 19:55:56'),(0000000595,0104.00,'2022-04-15 20:19:59'),(0000000596,0174.00,'2022-04-15 20:30:31'),(0000000597,0164.00,'2022-04-15 20:36:59'),(0000000598,0112.00,'2022-04-15 21:00:06'),(0000000599,0108.00,'2022-04-15 21:31:51'),(0000000600,0194.00,'2022-04-15 21:38:31'),(0000000601,0246.00,'2022-04-15 21:48:27'),(0000000602,0120.00,'2022-04-15 21:54:32'),(0000000603,0244.00,'2022-04-15 22:14:17'),(0000000604,0196.00,'2022-04-15 22:16:56'),(0000000605,0276.00,'2022-04-15 22:42:45'),(0000000606,0192.00,'2022-04-15 22:53:50'),(0000000614,0238.00,'2022-04-22 17:20:08'),(0000000615,0182.00,'2022-04-22 17:22:16'),(0000000616,0284.00,'2022-04-22 17:38:30'),(0000000617,0196.00,'2022-04-22 17:44:51'),(0000000618,0220.00,'2022-04-22 17:56:44'),(0000000619,0268.00,'2022-04-22 18:03:05'),(0000000620,0112.00,'2022-04-22 18:17:52'),(0000000621,0210.00,'2022-04-22 19:04:01'),(0000000622,0120.00,'2022-04-22 19:25:22'),(0000000623,0294.00,'2022-04-22 19:27:57'),(0000000624,0194.00,'2022-04-22 19:30:23'),(0000000625,0120.00,'2022-04-22 19:32:16'),(0000000626,0288.00,'2022-04-22 19:55:00'),(0000000627,0182.00,'2022-04-22 20:02:50'),(0000000628,0290.00,'2022-04-22 20:12:09'),(0000000629,0174.00,'2022-04-22 20:20:04'),(0000000630,0152.00,'2022-04-22 20:34:45'),(0000000631,0244.00,'2022-04-22 20:37:49'),(0000000632,0112.00,'2022-04-22 21:20:40'),(0000000633,0138.00,'2022-04-22 21:26:42'),(0000000634,0218.00,'2022-04-22 21:27:29'),(0000000635,0118.00,'2022-04-22 21:31:48'),(0000000636,0152.00,'2022-04-22 21:34:52'),(0000000637,0230.00,'2022-04-22 21:44:50'),(0000000638,0204.00,'2022-04-22 22:15:51'),(0000000639,0112.00,'2022-04-22 22:50:51'),(0000000645,0214.00,'2022-04-29 17:11:29'),(0000000646,0148.00,'2022-04-29 17:11:59'),(0000000647,0120.00,'2022-04-29 17:13:05'),(0000000648,0272.00,'2022-04-29 17:31:19'),(0000000649,0188.00,'2022-04-29 18:31:39'),(0000000650,0138.00,'2022-04-29 18:34:37'),(0000000651,0228.00,'2022-04-29 18:35:52'),(0000000652,0294.00,'2022-04-29 18:38:51'),(0000000653,0106.00,'2022-04-29 19:01:32'),(0000000654,0224.00,'2022-04-29 19:01:34'),(0000000655,0152.00,'2022-04-29 19:09:35'),(0000000656,0290.00,'2022-04-29 19:32:44'),(0000000657,0276.00,'2022-04-29 19:50:33'),(0000000658,0288.00,'2022-04-29 19:59:43'),(0000000659,0164.00,'2022-04-29 20:11:06'),(0000000660,0204.00,'2022-04-29 20:31:33'),(0000000661,0268.00,'2022-04-29 20:33:22'),(0000000662,0216.00,'2022-04-29 20:37:58'),(0000000663,0198.00,'2022-04-29 21:00:35'),(0000000664,0214.00,'2022-04-29 21:10:44'),(0000000665,0204.00,'2022-04-29 21:19:55'),(0000000666,0246.00,'2022-04-29 21:48:00'),(0000000667,0226.00,'2022-04-29 21:48:57'),(0000000668,0276.00,'2022-04-29 22:09:13'),(0000000669,0192.00,'2022-04-29 22:20:53'),(0000000670,0152.00,'2022-04-29 22:21:08'),(0000000671,0160.00,'2022-04-29 22:22:30'),(0000000672,0268.00,'2022-04-29 22:32:03'),(0000000673,0196.00,'2022-04-29 22:47:17'),(0000000676,0124.00,'2022-05-06 17:05:37'),(0000000677,0218.00,'2022-05-06 17:18:39'),(0000000678,0268.00,'2022-05-06 17:24:35'),(0000000679,0292.00,'2022-05-06 17:35:39'),(0000000680,0246.00,'2022-05-06 17:39:11'),(0000000681,0296.00,'2022-05-06 17:48:18'),(0000000682,0248.00,'2022-05-06 17:52:01'),(0000000683,0104.00,'2022-05-06 18:21:12'),(0000000684,0106.00,'2022-05-06 18:21:47'),(0000000685,0218.00,'2022-05-06 18:38:48'),(0000000686,0204.00,'2022-05-06 18:47:45'),(0000000687,0204.00,'2022-05-06 18:53:31'),(0000000688,0104.00,'2022-05-06 19:15:25'),(0000000689,0174.00,'2022-05-06 19:24:03'),(0000000690,0138.00,'2022-05-06 19:26:25'),(0000000691,0120.00,'2022-05-06 19:29:43'),(0000000692,0100.00,'2022-05-06 19:50:43'),(0000000693,0232.00,'2022-05-06 19:55:08'),(0000000694,0194.00,'2022-05-06 20:20:17'),(0000000695,0134.00,'2022-05-06 20:22:15'),(0000000696,0106.00,'2022-05-06 20:23:35'),(0000000697,0138.00,'2022-05-06 20:23:35'),(0000000698,0122.00,'2022-05-06 20:24:30'),(0000000699,0106.00,'2022-05-06 20:28:08'),(0000000700,0182.00,'2022-05-06 20:31:36'),(0000000701,0204.00,'2022-05-06 20:32:46'),(0000000702,0252.00,'2022-05-06 20:33:03'),(0000000703,0196.00,'2022-05-06 20:42:10'),(0000000704,0118.00,'2022-05-06 21:18:59'),(0000000705,0160.00,'2022-05-06 21:24:59'),(0000000706,0204.00,'2022-05-06 21:30:57'),(0000000707,0290.00,'2022-05-06 21:32:33'),(0000000708,0152.00,'2022-05-06 21:34:43'),(0000000709,0268.00,'2022-05-06 21:37:01'),(0000000710,0152.00,'2022-05-06 21:40:13'),(0000000711,0214.00,'2022-05-06 21:46:46'),(0000000712,0108.00,'2022-05-06 21:47:23'),(0000000713,0230.00,'2022-05-06 21:51:21'),(0000000714,0186.00,'2022-05-06 22:13:38'),(0000000715,0232.00,'2022-05-06 22:16:43'),(0000000716,0152.00,'2022-05-06 22:19:15'),(0000000717,0120.00,'2022-05-06 22:27:06'),(0000000718,0284.00,'2022-05-06 22:36:35'),(0000000719,0246.00,'2022-05-06 22:46:06'),(0000000739,0194.00,'2022-05-13 17:10:16'),(0000000740,0238.00,'2022-05-13 17:14:57'),(0000000741,0110.00,'2022-05-13 17:16:47'),(0000000742,0232.00,'2022-05-13 17:29:58'),(0000000743,0276.00,'2022-05-13 17:42:48'),(0000000744,0248.00,'2022-05-13 17:55:52'),(0000000745,0174.00,'2022-05-13 18:00:41'),(0000000746,0128.00,'2022-05-13 18:11:59'),(0000000747,0112.00,'2022-05-13 18:12:26'),(0000000748,0252.00,'2022-05-13 18:20:22'),(0000000749,0106.00,'2022-05-13 18:22:04'),(0000000750,0120.00,'2022-05-13 18:24:20'),(0000000751,0186.00,'2022-05-13 18:42:04'),(0000000752,0152.00,'2022-05-13 18:53:36'),(0000000753,0246.00,'2022-05-13 19:13:58'),(0000000754,0104.00,'2022-05-13 19:57:49'),(0000000755,0290.00,'2022-05-13 20:04:05'),(0000000756,0152.00,'2022-05-13 20:07:15'),(0000000757,0268.00,'2022-05-13 20:08:53'),(0000000758,0160.00,'2022-05-13 20:11:21'),(0000000759,0268.00,'2022-05-13 20:15:30'),(0000000760,0152.00,'2022-05-13 20:16:29'),(0000000761,0260.00,'2022-05-13 20:33:09'),(0000000762,0226.00,'2022-05-13 20:45:23'),(0000000763,0268.00,'2022-05-13 21:17:20'),(0000000764,0122.00,'2022-05-13 21:28:25'),(0000000765,0272.00,'2022-05-13 21:30:29'),(0000000766,0244.00,'2022-05-13 21:42:49'),(0000000767,0218.00,'2022-05-13 21:47:33'),(0000000768,0206.00,'2022-05-13 22:10:29'),(0000000769,0228.00,'2022-05-13 22:15:30'),(0000000770,0284.00,'2022-05-13 22:18:10'),(0000000771,0196.00,'2022-05-13 22:43:11'),(0000000772,0182.00,'2022-05-13 22:47:23'),(0000000773,0294.00,'2022-05-13 22:54:56'),(0000000802,0268.00,'2022-05-20 17:08:47'),(0000000803,0248.00,'2022-05-20 17:24:25'),(0000000804,0206.00,'2022-05-20 17:34:47'),(0000000805,0214.00,'2022-05-20 17:50:45'),(0000000806,0290.00,'2022-05-20 18:04:11'),(0000000807,0148.00,'2022-05-20 18:16:27'),(0000000808,0120.00,'2022-05-20 19:10:51'),(0000000809,0246.00,'2022-05-20 19:16:22'),(0000000810,0160.00,'2022-05-20 20:13:21'),(0000000811,0294.00,'2022-05-20 20:15:51'),(0000000812,0108.00,'2022-05-20 20:35:26'),(0000000813,0252.00,'2022-05-20 20:42:28'),(0000000814,0152.00,'2022-05-20 21:05:12'),(0000000815,0138.00,'2022-05-20 21:49:03'),(0000000816,0176.00,'2022-05-20 21:54:36'),(0000000817,0244.00,'2022-05-20 22:12:20'),(0000000818,0228.00,'2022-05-20 22:20:29'),(0000000819,0216.00,'2022-05-20 22:24:49'),(0000000820,0104.00,'2022-05-20 22:48:14'),(0000000821,0210.00,'2022-05-20 22:54:36'),(0000000833,0290.00,'2022-05-27 17:09:27'),(0000000834,0234.00,'2022-05-27 17:22:46'),(0000000835,0138.00,'2022-05-27 17:28:56'),(0000000836,0252.00,'2022-05-27 17:30:56'),(0000000837,0224.00,'2022-05-27 17:37:54'),(0000000838,0106.00,'2022-05-27 18:07:52'),(0000000839,0214.00,'2022-05-27 18:08:39'),(0000000840,0148.00,'2022-05-27 18:23:42'),(0000000841,0290.00,'2022-05-27 18:28:23'),(0000000842,0290.00,'2022-05-27 18:30:14'),(0000000843,0186.00,'2022-05-27 18:45:48'),(0000000844,0112.00,'2022-05-27 18:57:35'),(0000000845,0108.00,'2022-05-27 19:21:50'),(0000000846,0128.00,'2022-05-27 19:43:58'),(0000000847,0232.00,'2022-05-27 19:55:32'),(0000000848,0118.00,'2022-05-27 20:03:13'),(0000000849,0110.00,'2022-05-27 20:16:15'),(0000000850,0228.00,'2022-05-27 20:28:52'),(0000000851,0204.00,'2022-05-27 20:45:47'),(0000000852,0218.00,'2022-05-27 20:54:21'),(0000000853,0182.00,'2022-05-27 21:02:54'),(0000000854,0252.00,'2022-05-27 21:06:31'),(0000000855,0196.00,'2022-05-27 21:30:06'),(0000000856,0106.00,'2022-05-27 21:30:46'),(0000000857,0104.00,'2022-05-27 21:42:01'),(0000000858,0288.00,'2022-05-27 21:44:04'),(0000000859,0232.00,'2022-05-27 21:49:17'),(0000000860,0246.00,'2022-05-27 21:50:12'),(0000000861,0138.00,'2022-05-27 22:08:54'),(0000000862,0220.00,'2022-05-27 22:16:21'),(0000000863,0204.00,'2022-05-27 22:19:00'),(0000000864,0296.00,'2022-05-27 22:32:46'),(0000000865,0252.00,'2022-05-27 22:34:20'),(0000000866,0246.00,'2022-05-27 22:47:57'),(0000000896,0152.00,'2022-06-03 17:01:18'),(0000000897,0218.00,'2022-06-03 17:17:48'),(0000000898,0252.00,'2022-06-03 17:44:33'),(0000000899,0214.00,'2022-06-03 18:02:47'),(0000000900,0220.00,'2022-06-03 18:11:39'),(0000000901,0120.00,'2022-06-03 18:43:11'),(0000000902,0182.00,'2022-06-03 18:48:01'),(0000000903,0194.00,'2022-06-03 18:48:31'),(0000000904,0138.00,'2022-06-03 19:16:16'),(0000000905,0228.00,'2022-06-03 19:47:01'),(0000000906,0104.00,'2022-06-03 19:47:44'),(0000000907,0106.00,'2022-06-03 19:49:00'),(0000000908,0194.00,'2022-06-03 20:07:40'),(0000000909,0268.00,'2022-06-03 20:13:15'),(0000000910,0260.00,'2022-06-03 20:29:32'),(0000000911,0204.00,'2022-06-03 20:30:40'),(0000000912,0246.00,'2022-06-03 20:32:15'),(0000000913,0120.00,'2022-06-03 21:23:14'),(0000000914,0246.00,'2022-06-03 22:06:54'),(0000000915,0290.00,'2022-06-03 22:15:21'),(0000000916,0208.00,'2022-06-03 22:27:33'),(0000000917,0252.00,'2022-06-03 22:33:29'),(0000000918,0218.00,'2022-06-03 22:47:18'),(0000000927,0252.00,'2022-06-10 17:04:37'),(0000000928,0174.00,'2022-06-10 17:06:11'),(0000000929,0296.00,'2022-06-10 17:10:02'),(0000000930,0204.00,'2022-06-10 17:21:28'),(0000000931,0220.00,'2022-06-10 17:58:09'),(0000000932,0218.00,'2022-06-10 18:26:08'),(0000000933,0176.00,'2022-06-10 18:31:59'),(0000000934,0276.00,'2022-06-10 18:41:09'),(0000000935,0206.00,'2022-06-10 18:42:24'),(0000000936,0290.00,'2022-06-10 19:00:01'),(0000000937,0164.00,'2022-06-10 19:01:30'),(0000000938,0182.00,'2022-06-10 19:25:54'),(0000000939,0252.00,'2022-06-10 19:30:54'),(0000000940,0294.00,'2022-06-10 19:39:04'),(0000000941,0152.00,'2022-06-10 19:42:10'),(0000000942,0290.00,'2022-06-10 19:56:13'),(0000000943,0246.00,'2022-06-10 20:00:37'),(0000000944,0246.00,'2022-06-10 20:18:29'),(0000000945,0194.00,'2022-06-10 20:21:29'),(0000000946,0186.00,'2022-06-10 20:24:22'),(0000000947,0228.00,'2022-06-10 20:32:52'),(0000000948,0182.00,'2022-06-10 20:51:14'),(0000000949,0148.00,'2022-06-10 21:02:18'),(0000000950,0104.00,'2022-06-10 21:32:11'),(0000000951,0218.00,'2022-06-10 21:49:57'),(0000000952,0232.00,'2022-06-10 22:22:27'),(0000000953,0120.00,'2022-06-10 22:39:13'),(0000000954,0200.00,'2022-06-10 22:42:37'),(0000000955,0228.00,'2022-06-10 22:45:56'),(0000000958,0200.00,'2022-06-17 17:06:57'),(0000000959,0174.00,'2022-06-17 17:20:59'),(0000000960,0182.00,'2022-06-17 17:41:53'),(0000000961,0138.00,'2022-06-17 18:24:49'),(0000000962,0246.00,'2022-06-17 18:31:55'),(0000000963,0214.00,'2022-06-17 18:43:40'),(0000000964,0288.00,'2022-06-17 18:54:29'),(0000000965,0208.00,'2022-06-17 18:57:23'),(0000000966,0218.00,'2022-06-17 19:13:01'),(0000000967,0232.00,'2022-06-17 19:18:35'),(0000000968,0128.00,'2022-06-17 19:31:52'),(0000000969,0162.00,'2022-06-17 19:36:39'),(0000000970,0152.00,'2022-06-17 19:48:21'),(0000000971,0192.00,'2022-06-17 20:04:29'),(0000000972,0104.00,'2022-06-17 20:06:15'),(0000000973,0260.00,'2022-06-17 20:07:42'),(0000000974,0112.00,'2022-06-17 20:23:35'),(0000000975,0108.00,'2022-06-17 20:28:41'),(0000000976,0188.00,'2022-06-17 20:35:25'),(0000000977,0194.00,'2022-06-17 20:46:12'),(0000000978,0230.00,'2022-06-17 20:46:32'),(0000000979,0268.00,'2022-06-17 20:52:24'),(0000000980,0182.00,'2022-06-17 20:58:21'),(0000000981,0276.00,'2022-06-17 21:07:17'),(0000000982,0234.00,'2022-06-17 21:22:07'),(0000000983,0138.00,'2022-06-17 21:27:44'),(0000000984,0106.00,'2022-06-17 21:48:19'),(0000000985,0204.00,'2022-06-17 22:04:02'),(0000000986,0194.00,'2022-06-17 22:09:08'),(0000000987,0252.00,'2022-06-17 22:11:09'),(0000000988,0122.00,'2022-06-17 22:13:15'),(0000000989,0206.00,'2022-06-17 22:19:48'),(0000000990,0120.00,'2022-06-17 22:35:12'),(0000000991,0100.00,'2022-06-17 22:39:21'),(0000000992,0204.00,'2022-06-17 22:41:22'),(0000001021,0182.00,'2022-06-24 18:02:23'),(0000001022,0228.00,'2022-06-24 18:57:42'),(0000001023,0214.00,'2022-06-24 19:03:13'),(0000001024,0194.00,'2022-06-24 19:06:04'),(0000001025,0268.00,'2022-06-24 20:45:06'),(0000001026,0206.00,'2022-06-24 20:59:28'),(0000001027,0164.00,'2022-06-24 22:00:22'),(0000001028,0228.00,'2022-06-24 22:46:39'),(0000001036,0296.00,'2022-07-01 17:06:48'),(0000001037,0284.00,'2022-07-01 17:12:29'),(0000001038,0182.00,'2022-07-01 17:22:18'),(0000001039,0228.00,'2022-07-01 17:29:14'),(0000001040,0276.00,'2022-07-01 18:04:39'),(0000001041,0288.00,'2022-07-01 18:15:02'),(0000001042,0122.00,'2022-07-01 18:32:22'),(0000001043,0110.00,'2022-07-01 18:49:15'),(0000001044,0118.00,'2022-07-01 19:11:30'),(0000001045,0260.00,'2022-07-01 19:35:08'),(0000001046,0272.00,'2022-07-01 19:47:40'),(0000001047,0194.00,'2022-07-01 19:52:51'),(0000001048,0106.00,'2022-07-01 19:58:19'),(0000001049,0120.00,'2022-07-01 20:20:45'),(0000001050,0152.00,'2022-07-01 20:43:25'),(0000001051,0182.00,'2022-07-01 20:47:10'),(0000001052,0152.00,'2022-07-01 20:56:05'),(0000001053,0218.00,'2022-07-01 21:03:28'),(0000001054,0268.00,'2022-07-01 21:12:41'),(0000001055,0268.00,'2022-07-01 21:14:26'),(0000001056,0164.00,'2022-07-01 21:15:11'),(0000001057,0216.00,'2022-07-01 21:29:08'),(0000001058,0252.00,'2022-07-01 21:53:40'),(0000001059,0292.00,'2022-07-01 21:58:55'),(0000001060,0128.00,'2022-07-01 22:02:50'),(0000001061,0206.00,'2022-07-01 22:07:57'),(0000001062,0152.00,'2022-07-01 22:17:38'),(0000001063,0194.00,'2022-07-01 22:22:14'),(0000001064,0152.00,'2022-07-01 22:22:34'),(0000001065,0106.00,'2022-07-01 22:51:37'),(0000001067,0204.00,'2022-07-08 17:08:15'),(0000001068,0112.00,'2022-07-08 17:09:35'),(0000001069,0204.00,'2022-07-08 17:22:44'),(0000001070,0290.00,'2022-07-08 17:33:04'),(0000001071,0100.00,'2022-07-08 17:42:50'),(0000001072,0182.00,'2022-07-08 18:05:54'),(0000001073,0138.00,'2022-07-08 18:07:40'),(0000001074,0138.00,'2022-07-08 18:13:01'),(0000001075,0228.00,'2022-07-08 18:20:30'),(0000001076,0218.00,'2022-07-08 18:33:45'),(0000001077,0268.00,'2022-07-08 18:42:55'),(0000001078,0228.00,'2022-07-08 19:14:29'),(0000001079,0112.00,'2022-07-08 19:24:54'),(0000001080,0198.00,'2022-07-08 19:26:03'),(0000001081,0194.00,'2022-07-08 19:47:25'),(0000001082,0120.00,'2022-07-08 19:56:58'),(0000001083,0220.00,'2022-07-08 20:05:59'),(0000001084,0174.00,'2022-07-08 20:08:53'),(0000001085,0218.00,'2022-07-08 20:13:17'),(0000001086,0120.00,'2022-07-08 20:13:39'),(0000001087,0238.00,'2022-07-08 20:14:56'),(0000001088,0214.00,'2022-07-08 20:18:44'),(0000001089,0252.00,'2022-07-08 20:19:24'),(0000001090,0148.00,'2022-07-08 20:21:52'),(0000001091,0288.00,'2022-07-08 20:23:49'),(0000001092,0196.00,'2022-07-08 20:43:32'),(0000001093,0114.00,'2022-07-08 20:47:14'),(0000001094,0276.00,'2022-07-08 20:51:23'),(0000001095,0230.00,'2022-07-08 20:51:41'),(0000001096,0204.00,'2022-07-08 21:23:02'),(0000001097,0124.00,'2022-07-08 21:25:37'),(0000001098,0214.00,'2022-07-08 21:39:07'),(0000001099,0188.00,'2022-07-08 22:19:33'),(0000001130,0194.00,'2022-07-15 17:18:02'),(0000001131,0162.00,'2022-07-15 17:26:30'),(0000001132,0206.00,'2022-07-15 17:34:33'),(0000001133,0194.00,'2022-07-15 17:39:14'),(0000001134,0290.00,'2022-07-15 17:53:41'),(0000001135,0272.00,'2022-07-15 17:53:56'),(0000001136,0204.00,'2022-07-15 17:56:24'),(0000001137,0248.00,'2022-07-15 18:02:51'),(0000001138,0104.00,'2022-07-15 18:19:10'),(0000001139,0110.00,'2022-07-15 18:32:23'),(0000001140,0176.00,'2022-07-15 18:44:02'),(0000001141,0288.00,'2022-07-15 18:48:40'),(0000001142,0238.00,'2022-07-15 19:25:54'),(0000001143,0182.00,'2022-07-15 19:41:30'),(0000001144,0192.00,'2022-07-15 19:42:57'),(0000001145,0228.00,'2022-07-15 19:44:16'),(0000001146,0234.00,'2022-07-15 19:48:25'),(0000001147,0290.00,'2022-07-15 19:49:53'),(0000001148,0218.00,'2022-07-15 19:50:29'),(0000001149,0294.00,'2022-07-15 19:58:51'),(0000001150,0112.00,'2022-07-15 20:00:00'),(0000001151,0232.00,'2022-07-15 20:09:49'),(0000001152,0182.00,'2022-07-15 20:18:44'),(0000001153,0246.00,'2022-07-15 20:37:02'),(0000001154,0106.00,'2022-07-15 20:57:48'),(0000001155,0210.00,'2022-07-15 21:09:27'),(0000001156,0118.00,'2022-07-15 21:29:08'),(0000001157,0188.00,'2022-07-15 21:35:12'),(0000001158,0164.00,'2022-07-15 21:42:59'),(0000001159,0160.00,'2022-07-15 21:43:16'),(0000001160,0214.00,'2022-07-15 21:44:47'),(0000001161,0218.00,'2022-07-15 21:57:09'),(0000001162,0228.00,'2022-07-15 21:58:28'),(0000001163,0106.00,'2022-07-15 22:03:21'),(0000001164,0246.00,'2022-07-15 22:03:50'),(0000001165,0290.00,'2022-07-15 22:05:50'),(0000001166,0276.00,'2022-07-15 22:09:32'),(0000001167,0224.00,'2022-07-15 22:13:11'),(0000001168,0292.00,'2022-07-15 22:15:37'),(0000001169,0152.00,'2022-07-15 22:17:53'),(0000001170,0246.00,'2022-07-15 22:24:22'),(0000001171,0198.00,'2022-07-15 22:46:21'),(0000001172,0296.00,'2022-07-15 22:48:09'),(0000001193,0120.00,'2022-07-22 17:02:51'),(0000001194,0252.00,'2022-07-22 17:13:22'),(0000001195,0260.00,'2022-07-22 18:44:31'),(0000001196,0218.00,'2022-07-22 19:27:03'),(0000001197,0288.00,'2022-07-22 20:21:13'),(0000001198,0228.00,'2022-07-22 20:33:49'),(0000001199,0232.00,'2022-07-22 20:57:59'),(0000001200,0290.00,'2022-07-22 21:02:32'),(0000001201,0112.00,'2022-07-22 21:32:58'),(0000001202,0226.00,'2022-07-22 21:52:09'),(0000001203,0204.00,'2022-07-22 22:12:55'),(0000001204,0198.00,'2022-07-22 22:29:34'),(0000001205,0206.00,'2022-07-22 22:51:37'),(0000001208,0290.00,'2022-07-29 17:01:24'),(0000001209,0292.00,'2022-07-29 17:19:21'),(0000001210,0226.00,'2022-07-29 17:23:21'),(0000001211,0176.00,'2022-07-29 17:26:40'),(0000001212,0152.00,'2022-07-29 17:27:03'),(0000001213,0228.00,'2022-07-29 17:53:16'),(0000001214,0252.00,'2022-07-29 18:00:10'),(0000001215,0246.00,'2022-07-29 18:03:35'),(0000001216,0224.00,'2022-07-29 18:08:30'),(0000001217,0228.00,'2022-07-29 18:10:52'),(0000001218,0204.00,'2022-07-29 18:15:20'),(0000001219,0244.00,'2022-07-29 18:25:14'),(0000001220,0288.00,'2022-07-29 18:25:47'),(0000001221,0192.00,'2022-07-29 18:36:46'),(0000001222,0164.00,'2022-07-29 19:12:52'),(0000001223,0246.00,'2022-07-29 19:15:50'),(0000001224,0246.00,'2022-07-29 19:22:02'),(0000001225,0106.00,'2022-07-29 19:51:15'),(0000001226,0106.00,'2022-07-29 19:59:24'),(0000001227,0134.00,'2022-07-29 20:12:09'),(0000001228,0208.00,'2022-07-29 20:16:23'),(0000001229,0118.00,'2022-07-29 20:20:52'),(0000001230,0218.00,'2022-07-29 21:29:09'),(0000001231,0138.00,'2022-07-29 21:49:59'),(0000001232,0100.00,'2022-07-29 21:56:38'),(0000001233,0148.00,'2022-07-29 22:42:11'),(0000001239,0206.00,'2022-08-05 17:26:46'),(0000001240,0218.00,'2022-08-05 17:42:02'),(0000001241,0124.00,'2022-08-05 17:57:57'),(0000001242,0216.00,'2022-08-05 18:10:52'),(0000001243,0120.00,'2022-08-05 18:39:58'),(0000001244,0112.00,'2022-08-05 18:48:02'),(0000001245,0198.00,'2022-08-05 18:49:11'),(0000001246,0232.00,'2022-08-05 19:11:43'),(0000001247,0220.00,'2022-08-05 19:16:09'),(0000001248,0152.00,'2022-08-05 19:33:09'),(0000001249,0276.00,'2022-08-05 19:34:27'),(0000001250,0122.00,'2022-08-05 20:07:44'),(0000001251,0214.00,'2022-08-05 20:08:06'),(0000001252,0174.00,'2022-08-05 20:10:54'),(0000001253,0204.00,'2022-08-05 20:13:47'),(0000001254,0200.00,'2022-08-05 20:32:17'),(0000001255,0148.00,'2022-08-05 20:41:15'),(0000001256,0194.00,'2022-08-05 20:47:57'),(0000001257,0196.00,'2022-08-05 20:55:47'),(0000001258,0292.00,'2022-08-05 20:56:21'),(0000001259,0138.00,'2022-08-05 21:07:34'),(0000001260,0232.00,'2022-08-05 21:24:37'),(0000001261,0208.00,'2022-08-05 21:36:13'),(0000001262,0110.00,'2022-08-05 21:36:42'),(0000001263,0228.00,'2022-08-05 22:09:00'),(0000001264,0268.00,'2022-08-05 22:20:46'),(0000001265,0186.00,'2022-08-05 22:34:06'),(0000001266,0246.00,'2022-08-05 22:34:29'),(0000001267,0108.00,'2022-08-05 22:45:36'),(0000001268,0120.00,'2022-08-05 22:50:18'),(0000001270,0162.00,'2022-08-12 17:56:40'),(0000001271,0194.00,'2022-08-12 18:08:08'),(0000001272,0194.00,'2022-08-12 18:34:20'),(0000001273,0276.00,'2022-08-12 18:44:29'),(0000001274,0134.00,'2022-08-12 18:48:04'),(0000001275,0244.00,'2022-08-12 18:53:13'),(0000001276,0252.00,'2022-08-12 19:20:38'),(0000001277,0100.00,'2022-08-12 19:25:17'),(0000001278,0176.00,'2022-08-12 19:40:23'),(0000001279,0232.00,'2022-08-12 19:44:10'),(0000001280,0232.00,'2022-08-12 19:45:00'),(0000001281,0138.00,'2022-08-12 19:45:10'),(0000001282,0244.00,'2022-08-12 19:47:51'),(0000001283,0290.00,'2022-08-12 20:01:20'),(0000001284,0174.00,'2022-08-12 20:18:12'),(0000001285,0114.00,'2022-08-12 20:26:07'),(0000001286,0210.00,'2022-08-12 20:27:39'),(0000001287,0228.00,'2022-08-12 20:34:34'),(0000001288,0296.00,'2022-08-12 20:37:40'),(0000001289,0214.00,'2022-08-12 21:01:46'),(0000001290,0228.00,'2022-08-12 21:11:51'),(0000001291,0246.00,'2022-08-12 21:15:08'),(0000001292,0124.00,'2022-08-12 21:21:22'),(0000001293,0108.00,'2022-08-12 21:42:44'),(0000001294,0198.00,'2022-08-12 21:45:04'),(0000001295,0268.00,'2022-08-12 21:55:06'),(0000001296,0246.00,'2022-08-12 21:59:42'),(0000001297,0148.00,'2022-08-12 22:00:35'),(0000001298,0292.00,'2022-08-12 22:01:41'),(0000001299,0104.00,'2022-08-12 22:02:36'),(0000001300,0186.00,'2022-08-12 22:04:56'),(0000001301,0284.00,'2022-08-12 22:08:03'),(0000001302,0276.00,'2022-08-12 22:09:42'),(0000001303,0252.00,'2022-08-12 22:14:29'),(0000001304,0220.00,'2022-08-12 22:22:31'),(0000001305,0260.00,'2022-08-12 22:28:54'),(0000001306,0182.00,'2022-08-12 22:30:13'),(0000001307,0106.00,'2022-08-12 22:46:45'),(0000001308,0206.00,'2022-08-12 22:46:58'),(0000001333,0120.00,'2022-08-19 17:00:09'),(0000001334,0122.00,'2022-08-19 17:02:29'),(0000001335,0104.00,'2022-08-19 17:26:01'),(0000001336,0100.00,'2022-08-19 17:28:08'),(0000001337,0204.00,'2022-08-19 17:28:35'),(0000001338,0112.00,'2022-08-19 17:54:31'),(0000001339,0244.00,'2022-08-19 18:10:22'),(0000001340,0268.00,'2022-08-19 18:21:29'),(0000001341,0186.00,'2022-08-19 18:25:43'),(0000001342,0118.00,'2022-08-19 18:28:14'),(0000001343,0238.00,'2022-08-19 18:44:00'),(0000001344,0200.00,'2022-08-19 18:48:57'),(0000001345,0218.00,'2022-08-19 19:06:46'),(0000001346,0128.00,'2022-08-19 19:20:01'),(0000001347,0284.00,'2022-08-19 19:26:28'),(0000001348,0132.00,'2022-08-19 19:32:23'),(0000001349,0220.00,'2022-08-19 19:36:17'),(0000001350,0252.00,'2022-08-19 19:43:53'),(0000001351,0196.00,'2022-08-19 19:47:06'),(0000001352,0110.00,'2022-08-19 20:08:02'),(0000001353,0272.00,'2022-08-19 20:09:42'),(0000001354,0246.00,'2022-08-19 20:15:51'),(0000001355,0290.00,'2022-08-19 20:27:16'),(0000001356,0204.00,'2022-08-19 20:51:13'),(0000001357,0252.00,'2022-08-19 21:07:59'),(0000001358,0182.00,'2022-08-19 21:59:16'),(0000001359,0192.00,'2022-08-19 22:03:08'),(0000001360,0246.00,'2022-08-19 22:23:06'),(0000001361,0196.00,'2022-08-19 22:25:51'),(0000001362,0160.00,'2022-08-19 22:26:41'),(0000001363,0174.00,'2022-08-19 22:32:09'),(0000001364,0296.00,'2022-08-19 22:46:55'),(0000001365,0204.00,'2022-08-19 22:54:18'),(0000001396,0290.00,'2022-08-26 17:06:25'),(0000001397,0148.00,'2022-08-26 17:28:40'),(0000001398,0124.00,'2022-08-26 17:29:41'),(0000001399,0252.00,'2022-08-26 17:30:35'),(0000001400,0138.00,'2022-08-26 17:41:04'),(0000001401,0244.00,'2022-08-26 17:43:01'),(0000001402,0218.00,'2022-08-26 17:43:58'),(0000001403,0290.00,'2022-08-26 17:55:17'),(0000001404,0122.00,'2022-08-26 17:55:45'),(0000001405,0152.00,'2022-08-26 17:56:40'),(0000001406,0276.00,'2022-08-26 18:36:48'),(0000001407,0268.00,'2022-08-26 19:08:00'),(0000001408,0228.00,'2022-08-26 19:38:19'),(0000001409,0112.00,'2022-08-26 19:43:51'),(0000001410,0112.00,'2022-08-26 19:47:09'),(0000001411,0106.00,'2022-08-26 19:56:36'),(0000001412,0216.00,'2022-08-26 20:02:37'),(0000001413,0268.00,'2022-08-26 20:07:45'),(0000001414,0198.00,'2022-08-26 20:24:20'),(0000001415,0218.00,'2022-08-26 20:48:21'),(0000001416,0134.00,'2022-08-26 20:58:54'),(0000001417,0112.00,'2022-08-26 21:02:43'),(0000001418,0120.00,'2022-08-26 21:07:27'),(0000001419,0232.00,'2022-08-26 21:11:05'),(0000001420,0108.00,'2022-08-26 21:12:11'),(0000001421,0108.00,'2022-08-26 21:12:39'),(0000001422,0194.00,'2022-08-26 21:20:08'),(0000001423,0188.00,'2022-08-26 21:39:41'),(0000001424,0206.00,'2022-08-26 22:00:07'),(0000001425,0114.00,'2022-08-26 22:11:47'),(0000001426,0104.00,'2022-08-26 22:13:13'),(0000001427,0198.00,'2022-08-26 22:13:14'),(0000001428,0292.00,'2022-08-26 22:34:22'),(0000001429,0204.00,'2022-08-26 22:47:59'),(0000001430,0138.00,'2022-08-26 22:54:43'),(0000001459,0162.00,'2022-09-02 17:11:47'),(0000001460,0196.00,'2022-09-02 17:30:23'),(0000001461,0206.00,'2022-09-02 17:46:42'),(0000001462,0182.00,'2022-09-02 17:52:31'),(0000001463,0112.00,'2022-09-02 18:09:40'),(0000001464,0268.00,'2022-09-02 19:38:44'),(0000001465,0276.00,'2022-09-02 19:42:51'),(0000001466,0228.00,'2022-09-02 20:00:10'),(0000001467,0230.00,'2022-09-02 20:06:13'),(0000001468,0244.00,'2022-09-02 20:09:40'),(0000001469,0108.00,'2022-09-02 20:25:18'),(0000001470,0112.00,'2022-09-02 20:41:55'),(0000001471,0152.00,'2022-09-02 20:42:02'),(0000001472,0218.00,'2022-09-02 21:02:05'),(0000001473,0104.00,'2022-09-02 21:10:12'),(0000001474,0198.00,'2022-09-02 21:15:03'),(0000001475,0204.00,'2022-09-02 22:04:22'),(0000001476,0182.00,'2022-09-02 22:22:49'),(0000001490,0174.00,'2022-09-09 17:00:35'),(0000001491,0246.00,'2022-09-09 17:22:00'),(0000001492,0268.00,'2022-09-09 17:22:54'),(0000001493,0124.00,'2022-09-09 17:25:13'),(0000001494,0198.00,'2022-09-09 17:25:50'),(0000001495,0134.00,'2022-09-09 17:35:22'),(0000001496,0292.00,'2022-09-09 17:38:50'),(0000001497,0204.00,'2022-09-09 17:47:57'),(0000001498,0228.00,'2022-09-09 17:53:23'),(0000001499,0260.00,'2022-09-09 17:57:53'),(0000001500,0220.00,'2022-09-09 18:20:57'),(0000001501,0152.00,'2022-09-09 18:30:48'),(0000001502,0244.00,'2022-09-09 18:31:06'),(0000001503,0276.00,'2022-09-09 18:32:20'),(0000001504,0204.00,'2022-09-09 18:40:22'),(0000001505,0214.00,'2022-09-09 18:42:16'),(0000001506,0218.00,'2022-09-09 18:54:02'),(0000001507,0196.00,'2022-09-09 19:09:07'),(0000001508,0114.00,'2022-09-09 19:26:30'),(0000001509,0160.00,'2022-09-09 19:30:24'),(0000001510,0186.00,'2022-09-09 19:45:16'),(0000001511,0246.00,'2022-09-09 20:11:15'),(0000001512,0234.00,'2022-09-09 20:15:39'),(0000001513,0118.00,'2022-09-09 20:44:39'),(0000001514,0194.00,'2022-09-09 20:56:49'),(0000001515,0152.00,'2022-09-09 20:59:42'),(0000001516,0210.00,'2022-09-09 21:08:24'),(0000001517,0112.00,'2022-09-09 21:37:33'),(0000001518,0252.00,'2022-09-09 21:43:28'),(0000001519,0110.00,'2022-09-09 21:47:44'),(0000001520,0290.00,'2022-09-09 21:52:35'),(0000001521,0200.00,'2022-09-09 22:17:07'),(0000001522,0106.00,'2022-09-09 22:19:31'),(0000001523,0196.00,'2022-09-09 22:31:23'),(0000001524,0106.00,'2022-09-09 22:48:37'),(0000001525,0104.00,'2022-09-09 22:51:54'),(0000001553,0228.00,'2022-09-16 17:09:21'),(0000001554,0220.00,'2022-09-16 17:10:06'),(0000001555,0110.00,'2022-09-16 17:34:01'),(0000001556,0210.00,'2022-09-16 18:05:18'),(0000001557,0112.00,'2022-09-16 18:05:57'),(0000001558,0238.00,'2022-09-16 18:08:37'),(0000001559,0272.00,'2022-09-16 18:12:40'),(0000001560,0106.00,'2022-09-16 18:36:58'),(0000001561,0268.00,'2022-09-16 18:48:08'),(0000001562,0290.00,'2022-09-16 18:54:15'),(0000001563,0106.00,'2022-09-16 19:18:32'),(0000001564,0292.00,'2022-09-16 19:22:24'),(0000001565,0296.00,'2022-09-16 19:41:15'),(0000001566,0138.00,'2022-09-16 20:04:01'),(0000001567,0288.00,'2022-09-16 20:05:07'),(0000001568,0152.00,'2022-09-16 20:19:46'),(0000001569,0244.00,'2022-09-16 20:20:58'),(0000001570,0252.00,'2022-09-16 20:29:07'),(0000001571,0246.00,'2022-09-16 20:56:59'),(0000001572,0200.00,'2022-09-16 21:25:54'),(0000001573,0120.00,'2022-09-16 21:32:33'),(0000001574,0290.00,'2022-09-16 21:56:05'),(0000001575,0206.00,'2022-09-16 22:26:02'),(0000001576,0228.00,'2022-09-16 22:28:23'),(0000001577,0194.00,'2022-09-16 22:29:34'),(0000001578,0162.00,'2022-09-16 22:52:33'),(0000001584,0152.00,'2022-09-23 17:06:22'),(0000001585,0120.00,'2022-09-23 17:14:36'),(0000001586,0114.00,'2022-09-23 17:28:10'),(0000001587,0268.00,'2022-09-23 18:20:27'),(0000001588,0290.00,'2022-09-23 18:22:17'),(0000001589,0292.00,'2022-09-23 18:22:23'),(0000001590,0162.00,'2022-09-23 18:26:55'),(0000001591,0246.00,'2022-09-23 18:47:15'),(0000001592,0290.00,'2022-09-23 18:51:25'),(0000001593,0104.00,'2022-09-23 19:02:54'),(0000001594,0106.00,'2022-09-23 19:29:19'),(0000001595,0214.00,'2022-09-23 19:41:31'),(0000001596,0244.00,'2022-09-23 20:09:23'),(0000001597,0132.00,'2022-09-23 20:25:30'),(0000001598,0276.00,'2022-09-23 20:25:47'),(0000001599,0284.00,'2022-09-23 20:26:06'),(0000001600,0108.00,'2022-09-23 20:27:31'),(0000001601,0268.00,'2022-09-23 20:46:04'),(0000001602,0176.00,'2022-09-23 20:52:56'),(0000001603,0204.00,'2022-09-23 21:14:29'),(0000001604,0252.00,'2022-09-23 21:34:44'),(0000001605,0194.00,'2022-09-23 21:56:20'),(0000001606,0244.00,'2022-09-23 22:06:46'),(0000001607,0188.00,'2022-09-23 22:29:33'),(0000001608,0160.00,'2022-09-23 22:38:47'),(0000001609,0124.00,'2022-09-23 22:41:54'),(0000001610,0208.00,'2022-09-23 22:47:48'),(0000001615,0196.00,'2022-09-30 17:04:04'),(0000001616,0228.00,'2022-09-30 17:21:31'),(0000001617,0106.00,'2022-09-30 17:45:12'),(0000001618,0152.00,'2022-09-30 18:13:59'),(0000001619,0148.00,'2022-09-30 18:45:29'),(0000001620,0234.00,'2022-09-30 18:48:15'),(0000001621,0198.00,'2022-09-30 18:56:05'),(0000001622,0124.00,'2022-09-30 19:01:25'),(0000001623,0186.00,'2022-09-30 19:41:17'),(0000001624,0228.00,'2022-09-30 20:04:03'),(0000001625,0204.00,'2022-09-30 20:59:43'),(0000001626,0122.00,'2022-09-30 21:15:26'),(0000001627,0198.00,'2022-09-30 21:21:39'),(0000001628,0112.00,'2022-09-30 21:23:59'),(0000001629,0228.00,'2022-09-30 21:34:05'),(0000001630,0268.00,'2022-09-30 22:33:43'),(0000001646,0200.00,'2022-10-07 17:14:19'),(0000001647,0224.00,'2022-10-07 17:52:41'),(0000001648,0268.00,'2022-10-07 17:56:41'),(0000001649,0138.00,'2022-10-07 18:27:43'),(0000001650,0106.00,'2022-10-07 19:09:19'),(0000001651,0108.00,'2022-10-07 19:13:59'),(0000001652,0182.00,'2022-10-07 19:34:29'),(0000001653,0122.00,'2022-10-07 19:38:34'),(0000001654,0290.00,'2022-10-07 19:38:37'),(0000001655,0112.00,'2022-10-07 19:39:55'),(0000001656,0206.00,'2022-10-07 19:42:13'),(0000001657,0216.00,'2022-10-07 19:42:59'),(0000001658,0164.00,'2022-10-07 19:46:51'),(0000001659,0204.00,'2022-10-07 19:46:54'),(0000001660,0288.00,'2022-10-07 19:55:14'),(0000001661,0194.00,'2022-10-07 19:58:51'),(0000001662,0268.00,'2022-10-07 20:04:52'),(0000001663,0112.00,'2022-10-07 20:12:10'),(0000001664,0194.00,'2022-10-07 20:16:34'),(0000001665,0148.00,'2022-10-07 20:37:12'),(0000001666,0244.00,'2022-10-07 20:38:32'),(0000001667,0284.00,'2022-10-07 20:39:19'),(0000001668,0246.00,'2022-10-07 20:43:47'),(0000001669,0152.00,'2022-10-07 20:45:55'),(0000001670,0290.00,'2022-10-07 20:48:22'),(0000001671,0152.00,'2022-10-07 20:57:05'),(0000001672,0232.00,'2022-10-07 20:57:47'),(0000001673,0182.00,'2022-10-07 21:01:02'),(0000001674,0112.00,'2022-10-07 21:06:35'),(0000001675,0246.00,'2022-10-07 21:15:17'),(0000001676,0152.00,'2022-10-07 21:15:52'),(0000001677,0192.00,'2022-10-07 21:17:22'),(0000001678,0244.00,'2022-10-07 21:26:13'),(0000001679,0162.00,'2022-10-07 21:28:04'),(0000001680,0248.00,'2022-10-07 21:29:51'),(0000001681,0226.00,'2022-10-07 21:36:06'),(0000001682,0210.00,'2022-10-07 21:47:17'),(0000001683,0106.00,'2022-10-07 22:02:04'),(0000001684,0106.00,'2022-10-07 22:20:32'),(0000001685,0290.00,'2022-10-07 22:23:14'),(0000001686,0104.00,'2022-10-07 22:23:19'),(0000001687,0214.00,'2022-10-07 22:32:16'),(0000001688,0110.00,'2022-10-07 22:34:20'),(0000001689,0120.00,'2022-10-07 22:45:35'),(0000001709,0106.00,'2022-10-14 17:02:12'),(0000001710,0120.00,'2022-10-14 17:57:18'),(0000001711,0290.00,'2022-10-14 18:20:05'),(0000001712,0290.00,'2022-10-14 18:34:20'),(0000001713,0162.00,'2022-10-14 18:40:01'),(0000001714,0198.00,'2022-10-14 18:48:01'),(0000001715,0226.00,'2022-10-14 18:55:08'),(0000001716,0228.00,'2022-10-14 19:00:48'),(0000001717,0204.00,'2022-10-14 19:07:59'),(0000001718,0288.00,'2022-10-14 19:27:36'),(0000001719,0220.00,'2022-10-14 19:45:03'),(0000001720,0218.00,'2022-10-14 20:22:49'),(0000001721,0122.00,'2022-10-14 20:41:21'),(0000001722,0244.00,'2022-10-14 20:57:55'),(0000001723,0198.00,'2022-10-14 20:59:21'),(0000001724,0192.00,'2022-10-14 21:05:31'),(0000001725,0152.00,'2022-10-14 21:12:03'),(0000001726,0160.00,'2022-10-14 21:21:30'),(0000001727,0246.00,'2022-10-14 21:26:55'),(0000001728,0196.00,'2022-10-14 21:30:41'),(0000001729,0268.00,'2022-10-14 21:36:54'),(0000001730,0112.00,'2022-10-14 21:50:08'),(0000001731,0112.00,'2022-10-14 21:50:31'),(0000001732,0148.00,'2022-10-14 21:50:49'),(0000001733,0112.00,'2022-10-14 21:56:42'),(0000001734,0288.00,'2022-10-14 22:35:04'),(0000001735,0106.00,'2022-10-14 22:39:28'),(0000001736,0194.00,'2022-10-14 22:41:24'),(0000001740,0226.00,'2022-10-21 17:01:43'),(0000001741,0152.00,'2022-10-21 17:03:38'),(0000001742,0112.00,'2022-10-21 17:13:15'),(0000001743,0294.00,'2022-10-21 17:51:17'),(0000001744,0118.00,'2022-10-21 17:52:17'),(0000001745,0108.00,'2022-10-21 17:57:41'),(0000001746,0124.00,'2022-10-21 18:07:25'),(0000001747,0228.00,'2022-10-21 18:10:53'),(0000001748,0224.00,'2022-10-21 18:12:57'),(0000001749,0138.00,'2022-10-21 18:14:39'),(0000001750,0228.00,'2022-10-21 18:26:36'),(0000001751,0164.00,'2022-10-21 18:34:20'),(0000001752,0232.00,'2022-10-21 18:49:03'),(0000001753,0268.00,'2022-10-21 19:00:56'),(0000001754,0132.00,'2022-10-21 19:38:01'),(0000001755,0134.00,'2022-10-21 19:40:53'),(0000001756,0194.00,'2022-10-21 19:46:47'),(0000001757,0260.00,'2022-10-21 19:58:40'),(0000001758,0152.00,'2022-10-21 20:03:10'),(0000001759,0104.00,'2022-10-21 20:16:51'),(0000001760,0204.00,'2022-10-21 20:22:06'),(0000001761,0234.00,'2022-10-21 20:40:25'),(0000001762,0244.00,'2022-10-21 20:59:02'),(0000001763,0106.00,'2022-10-21 21:05:42'),(0000001764,0110.00,'2022-10-21 21:07:41'),(0000001765,0218.00,'2022-10-21 21:18:08'),(0000001766,0204.00,'2022-10-21 21:26:15'),(0000001767,0290.00,'2022-10-21 21:35:03'),(0000001768,0182.00,'2022-10-21 21:41:50'),(0000001769,0196.00,'2022-10-21 21:45:44'),(0000001770,0290.00,'2022-10-21 21:57:09'),(0000001771,0292.00,'2022-10-21 21:59:13'),(0000001772,0230.00,'2022-10-21 21:59:41'),(0000001773,0220.00,'2022-10-21 22:05:23'),(0000001774,0120.00,'2022-10-21 22:23:54'),(0000001775,0204.00,'2022-10-21 22:46:59'),(0000001776,0252.00,'2022-10-21 22:54:44'),(0000001803,0248.00,'2022-10-28 17:09:35'),(0000001804,0134.00,'2022-10-28 17:13:48'),(0000001805,0118.00,'2022-10-28 17:19:57'),(0000001806,0182.00,'2022-10-28 17:20:25'),(0000001807,0152.00,'2022-10-28 17:26:38'),(0000001808,0244.00,'2022-10-28 17:29:18'),(0000001809,0268.00,'2022-10-28 17:32:01'),(0000001810,0198.00,'2022-10-28 17:38:29'),(0000001811,0194.00,'2022-10-28 18:00:35'),(0000001812,0292.00,'2022-10-28 18:32:06'),(0000001813,0296.00,'2022-10-28 18:33:55'),(0000001814,0290.00,'2022-10-28 18:56:54'),(0000001815,0204.00,'2022-10-28 18:57:43'),(0000001816,0186.00,'2022-10-28 19:12:36'),(0000001817,0138.00,'2022-10-28 19:13:18'),(0000001818,0206.00,'2022-10-28 19:25:43'),(0000001819,0104.00,'2022-10-28 20:12:33'),(0000001820,0290.00,'2022-10-28 20:29:54'),(0000001821,0124.00,'2022-10-28 20:32:03'),(0000001822,0174.00,'2022-10-28 20:36:06'),(0000001823,0252.00,'2022-10-28 21:02:30'),(0000001824,0246.00,'2022-10-28 21:02:52'),(0000001825,0288.00,'2022-10-28 21:18:54'),(0000001826,0260.00,'2022-10-28 21:43:33'),(0000001827,0234.00,'2022-10-28 21:47:15'),(0000001828,0112.00,'2022-10-28 22:05:59'),(0000001829,0204.00,'2022-10-28 22:06:23'),(0000001830,0120.00,'2022-10-28 22:09:48'),(0000001831,0196.00,'2022-10-28 22:17:51'),(0000001832,0128.00,'2022-10-28 22:29:07'),(0000001834,0120.00,'2022-11-04 17:00:46'),(0000001835,0114.00,'2022-11-04 17:52:13'),(0000001836,0252.00,'2022-11-04 18:01:09'),(0000001837,0182.00,'2022-11-04 18:01:30'),(0000001838,0234.00,'2022-11-04 18:22:42'),(0000001839,0244.00,'2022-11-04 18:27:54'),(0000001840,0174.00,'2022-11-04 18:28:34'),(0000001841,0112.00,'2022-11-04 19:00:02'),(0000001842,0120.00,'2022-11-04 19:03:53'),(0000001843,0106.00,'2022-11-04 19:15:49'),(0000001844,0218.00,'2022-11-04 19:27:47'),(0000001845,0218.00,'2022-11-04 19:31:38'),(0000001846,0292.00,'2022-11-04 20:38:43'),(0000001847,0132.00,'2022-11-04 20:55:43'),(0000001848,0160.00,'2022-11-04 21:43:40'),(0000001849,0288.00,'2022-11-04 21:48:37'),(0000001850,0106.00,'2022-11-04 22:08:36'),(0000001851,0118.00,'2022-11-04 22:42:11'),(0000001865,0112.00,'2022-11-11 17:02:24'),(0000001866,0106.00,'2022-11-11 17:36:16'),(0000001867,0162.00,'2022-11-11 17:36:31'),(0000001868,0112.00,'2022-11-11 18:18:36'),(0000001869,0122.00,'2022-11-11 18:35:26'),(0000001870,0196.00,'2022-11-11 18:46:52'),(0000001871,0106.00,'2022-11-11 19:01:27'),(0000001872,0288.00,'2022-11-11 19:09:00'),(0000001873,0228.00,'2022-11-11 19:31:54'),(0000001874,0290.00,'2022-11-11 19:32:44'),(0000001875,0138.00,'2022-11-11 19:39:24'),(0000001876,0228.00,'2022-11-11 19:40:55'),(0000001877,0110.00,'2022-11-11 19:46:12'),(0000001878,0206.00,'2022-11-11 19:57:58'),(0000001879,0138.00,'2022-11-11 20:29:18'),(0000001880,0290.00,'2022-11-11 20:29:39'),(0000001881,0214.00,'2022-11-11 20:36:13'),(0000001882,0120.00,'2022-11-11 20:38:59'),(0000001883,0232.00,'2022-11-11 20:39:49'),(0000001884,0176.00,'2022-11-11 20:46:58'),(0000001885,0252.00,'2022-11-11 20:54:03'),(0000001886,0106.00,'2022-11-11 21:03:18'),(0000001887,0244.00,'2022-11-11 21:11:33'),(0000001888,0196.00,'2022-11-11 21:18:14'),(0000001889,0276.00,'2022-11-11 21:27:56'),(0000001890,0294.00,'2022-11-11 21:40:39'),(0000001891,0204.00,'2022-11-11 21:42:31'),(0000001892,0134.00,'2022-11-11 21:52:21'),(0000001893,0148.00,'2022-11-11 22:00:48'),(0000001894,0152.00,'2022-11-11 22:06:17'),(0000001895,0186.00,'2022-11-11 22:20:12'),(0000001896,0152.00,'2022-11-11 22:34:28'),(0000001897,0244.00,'2022-11-11 22:36:00'),(0000001898,0288.00,'2022-11-11 22:46:06'),(0000001928,0288.00,'2022-11-18 17:24:35'),(0000001929,0204.00,'2022-11-18 17:24:47'),(0000001930,0134.00,'2022-11-18 17:37:57'),(0000001931,0232.00,'2022-11-18 18:48:02'),(0000001932,0148.00,'2022-11-18 18:52:14'),(0000001933,0112.00,'2022-11-18 18:53:37'),(0000001934,0112.00,'2022-11-18 18:55:22'),(0000001935,0106.00,'2022-11-18 19:43:50'),(0000001936,0246.00,'2022-11-18 19:55:24'),(0000001937,0208.00,'2022-11-18 20:01:10'),(0000001938,0230.00,'2022-11-18 20:14:04'),(0000001939,0198.00,'2022-11-18 21:09:14'),(0000001940,0214.00,'2022-11-18 21:19:11'),(0000001941,0152.00,'2022-11-18 21:25:19'),(0000001942,0162.00,'2022-11-18 21:49:27'),(0000001943,0252.00,'2022-11-18 21:51:12'),(0000001944,0200.00,'2022-11-18 22:00:33'),(0000001945,0152.00,'2022-11-18 22:01:13'),(0000001946,0194.00,'2022-11-18 22:08:31'),(0000001947,0194.00,'2022-11-18 22:15:36'),(0000001948,0226.00,'2022-11-18 22:19:14'),(0000001959,0204.00,'2022-11-25 17:26:20'),(0000001960,0288.00,'2022-11-25 18:24:15'),(0000001961,0164.00,'2022-11-25 18:37:10'),(0000001962,0220.00,'2022-11-25 18:46:14'),(0000001963,0290.00,'2022-11-25 19:06:49'),(0000001964,0204.00,'2022-11-25 20:36:29'),(0000001966,0182.00,'2022-12-02 17:01:26'),(0000001967,0210.00,'2022-12-02 17:04:58'),(0000001968,0252.00,'2022-12-02 17:10:25'),(0000001969,0288.00,'2022-12-02 17:37:10'),(0000001970,0232.00,'2022-12-02 17:52:02'),(0000001971,0244.00,'2022-12-02 17:52:37'),(0000001972,0138.00,'2022-12-02 18:14:43'),(0000001973,0206.00,'2022-12-02 18:30:01'),(0000001974,0196.00,'2022-12-02 18:32:08'),(0000001975,0114.00,'2022-12-02 18:32:21'),(0000001976,0112.00,'2022-12-02 18:32:34'),(0000001977,0246.00,'2022-12-02 18:39:58'),(0000001978,0228.00,'2022-12-02 18:41:20'),(0000001979,0218.00,'2022-12-02 19:00:04'),(0000001980,0228.00,'2022-12-02 19:14:52'),(0000001981,0290.00,'2022-12-02 19:17:18'),(0000001982,0176.00,'2022-12-02 19:24:19'),(0000001983,0152.00,'2022-12-02 19:34:35'),(0000001984,0252.00,'2022-12-02 19:44:08'),(0000001985,0182.00,'2022-12-02 20:00:26'),(0000001986,0174.00,'2022-12-02 20:05:47'),(0000001987,0244.00,'2022-12-02 20:08:10'),(0000001988,0290.00,'2022-12-02 20:19:38'),(0000001989,0104.00,'2022-12-02 20:33:50'),(0000001990,0232.00,'2022-12-02 20:50:16'),(0000001991,0228.00,'2022-12-02 21:01:23'),(0000001992,0106.00,'2022-12-02 21:01:28'),(0000001993,0112.00,'2022-12-02 21:20:40'),(0000001994,0216.00,'2022-12-02 21:27:54'),(0000001995,0182.00,'2022-12-02 21:36:53'),(0000001996,0128.00,'2022-12-02 21:56:14'),(0000001997,0198.00,'2022-12-02 21:58:09'),(0000001998,0260.00,'2022-12-02 22:06:26'),(0000001999,0292.00,'2022-12-02 22:13:54'),(0000002000,0290.00,'2022-12-02 22:32:09'),(0000002001,0108.00,'2022-12-02 22:36:44'),(0000002002,0276.00,'2022-12-02 22:43:18'),(0000002003,0272.00,'2022-12-02 22:50:46'),(0000002029,0182.00,'2022-12-09 17:13:07'),(0000002030,0268.00,'2022-12-09 17:30:11'),(0000002031,0284.00,'2022-12-09 17:40:18'),(0000002032,0182.00,'2022-12-09 17:44:08'),(0000002033,0296.00,'2022-12-09 17:50:37'),(0000002034,0204.00,'2022-12-09 18:00:04'),(0000002035,0276.00,'2022-12-09 18:08:57'),(0000002036,0208.00,'2022-12-09 18:22:24'),(0000002037,0246.00,'2022-12-09 18:36:34'),(0000002038,0160.00,'2022-12-09 18:52:59'),(0000002039,0268.00,'2022-12-09 18:58:02'),(0000002040,0104.00,'2022-12-09 19:00:06'),(0000002041,0132.00,'2022-12-09 19:00:41'),(0000002042,0224.00,'2022-12-09 19:00:46'),(0000002043,0164.00,'2022-12-09 19:07:10'),(0000002044,0214.00,'2022-12-09 19:08:01'),(0000002045,0138.00,'2022-12-09 19:08:53'),(0000002046,0196.00,'2022-12-09 19:09:11'),(0000002047,0230.00,'2022-12-09 19:23:18'),(0000002048,0290.00,'2022-12-09 19:25:39'),(0000002049,0112.00,'2022-12-09 19:32:51'),(0000002050,0196.00,'2022-12-09 19:38:28'),(0000002051,0134.00,'2022-12-09 19:40:46'),(0000002052,0206.00,'2022-12-09 19:47:10'),(0000002053,0288.00,'2022-12-09 19:47:49'),(0000002054,0204.00,'2022-12-09 19:50:08'),(0000002055,0234.00,'2022-12-09 19:55:00'),(0000002056,0118.00,'2022-12-09 20:10:06'),(0000002057,0104.00,'2022-12-09 20:18:31'),(0000002058,0194.00,'2022-12-09 20:20:19'),(0000002059,0138.00,'2022-12-09 20:36:01'),(0000002060,0220.00,'2022-12-09 20:37:24'),(0000002061,0108.00,'2022-12-09 20:37:38'),(0000002062,0228.00,'2022-12-09 20:48:50'),(0000002063,0152.00,'2022-12-09 20:53:24'),(0000002064,0218.00,'2022-12-09 21:04:58'),(0000002065,0218.00,'2022-12-09 21:19:56'),(0000002066,0244.00,'2022-12-09 21:21:55'),(0000002067,0260.00,'2022-12-09 21:23:47'),(0000002068,0268.00,'2022-12-09 21:26:01'),(0000002069,0288.00,'2022-12-09 21:26:22'),(0000002070,0106.00,'2022-12-09 21:34:04'),(0000002071,0204.00,'2022-12-09 21:34:14'),(0000002072,0252.00,'2022-12-09 21:40:50'),(0000002073,0272.00,'2022-12-09 21:42:40'),(0000002074,0110.00,'2022-12-09 21:43:00'),(0000002075,0294.00,'2022-12-09 22:03:55'),(0000002076,0124.00,'2022-12-09 22:06:06'),(0000002077,0106.00,'2022-12-09 22:14:07'),(0000002078,0246.00,'2022-12-09 22:21:11'),(0000002079,0210.00,'2022-12-09 22:29:42'),(0000002080,0252.00,'2022-12-09 22:37:33'),(0000002081,0276.00,'2022-12-09 22:42:12'),(0000002082,0108.00,'2022-12-09 22:43:44'),(0000002092,0252.00,'2022-12-16 17:30:52'),(0000002093,0228.00,'2022-12-16 17:35:00'),(0000002094,0198.00,'2022-12-16 17:39:47'),(0000002095,0152.00,'2022-12-16 18:02:30'),(0000002096,0162.00,'2022-12-16 18:22:22'),(0000002097,0218.00,'2022-12-16 19:14:33'),(0000002098,0294.00,'2022-12-16 19:15:30'),(0000002099,0128.00,'2022-12-16 19:18:23'),(0000002100,0192.00,'2022-12-16 19:19:53'),(0000002101,0204.00,'2022-12-16 19:33:40'),(0000002102,0220.00,'2022-12-16 19:59:24'),(0000002103,0106.00,'2022-12-16 20:09:09'),(0000002104,0204.00,'2022-12-16 20:09:47'),(0000002105,0138.00,'2022-12-16 20:25:00'),(0000002106,0176.00,'2022-12-16 20:42:03'),(0000002107,0268.00,'2022-12-16 20:57:53'),(0000002108,0284.00,'2022-12-16 20:59:53'),(0000002109,0268.00,'2022-12-16 21:42:47'),(0000002110,0290.00,'2022-12-16 21:42:58'),(0000002111,0118.00,'2022-12-16 21:52:42'),(0000002112,0230.00,'2022-12-16 21:56:29'),(0000002113,0182.00,'2022-12-16 21:58:55'),(0000002114,0198.00,'2022-12-16 22:00:34'),(0000002115,0290.00,'2022-12-16 22:06:50'),(0000002116,0152.00,'2022-12-16 22:34:45'),(0000002117,0164.00,'2022-12-16 22:53:10'),(0000002123,0160.00,'2022-12-23 17:25:25'),(0000002124,0196.00,'2022-12-23 17:30:23'),(0000002125,0152.00,'2022-12-23 17:43:45'),(0000002126,0228.00,'2022-12-23 17:45:30'),(0000002127,0106.00,'2022-12-23 18:16:27'),(0000002128,0246.00,'2022-12-23 18:20:07'),(0000002129,0246.00,'2022-12-23 18:23:46'),(0000002130,0110.00,'2022-12-23 18:30:46'),(0000002131,0122.00,'2022-12-23 18:49:21'),(0000002132,0112.00,'2022-12-23 18:53:56'),(0000002133,0198.00,'2022-12-23 18:55:32'),(0000002134,0260.00,'2022-12-23 18:55:56'),(0000002135,0138.00,'2022-12-23 19:05:13'),(0000002136,0218.00,'2022-12-23 19:15:37'),(0000002137,0230.00,'2022-12-23 19:21:55'),(0000002138,0104.00,'2022-12-23 19:26:35'),(0000002139,0252.00,'2022-12-23 19:49:38'),(0000002140,0106.00,'2022-12-23 20:20:19'),(0000002141,0182.00,'2022-12-23 20:22:32'),(0000002142,0232.00,'2022-12-23 20:43:59'),(0000002143,0152.00,'2022-12-23 20:46:23'),(0000002144,0138.00,'2022-12-23 21:04:02'),(0000002145,0194.00,'2022-12-23 21:04:32'),(0000002146,0118.00,'2022-12-23 21:14:20'),(0000002147,0200.00,'2022-12-23 21:30:56'),(0000002148,0204.00,'2022-12-23 21:53:43'),(0000002149,0108.00,'2022-12-23 21:59:27'),(0000002150,0220.00,'2022-12-23 22:10:31'),(0000002151,0290.00,'2022-12-23 22:25:12'),(0000002152,0268.00,'2022-12-23 22:27:20'),(0000002153,0182.00,'2022-12-23 22:51:06'),(0000002154,0152.00,'2022-12-30 17:29:12'),(0000002155,0246.00,'2022-12-30 17:34:49'),(0000002156,0106.00,'2022-12-30 17:35:12'),(0000002157,0148.00,'2022-12-30 17:38:16'),(0000002158,0134.00,'2022-12-30 17:39:51'),(0000002159,0194.00,'2022-12-30 17:51:44'),(0000002160,0214.00,'2022-12-30 17:59:17'),(0000002161,0260.00,'2022-12-30 18:00:59'),(0000002162,0244.00,'2022-12-30 18:02:35'),(0000002163,0228.00,'2022-12-30 18:09:51'),(0000002164,0188.00,'2022-12-30 18:12:01'),(0000002165,0228.00,'2022-12-30 18:16:30'),(0000002166,0252.00,'2022-12-30 18:22:00'),(0000002167,0120.00,'2022-12-30 19:04:43'),(0000002168,0106.00,'2022-12-30 19:04:57'),(0000002169,0290.00,'2022-12-30 19:12:44'),(0000002170,0204.00,'2022-12-30 19:19:09'),(0000002171,0122.00,'2022-12-30 19:50:31'),(0000002172,0162.00,'2022-12-30 19:59:22'),(0000002173,0164.00,'2022-12-30 20:04:06'),(0000002174,0244.00,'2022-12-30 20:11:59'),(0000002175,0176.00,'2022-12-30 20:17:41'),(0000002176,0268.00,'2022-12-30 20:26:09'),(0000002177,0268.00,'2022-12-30 20:41:28'),(0000002178,0234.00,'2022-12-30 21:01:20'),(0000002179,0238.00,'2022-12-30 21:12:24'),(0000002180,0152.00,'2022-12-30 21:14:10'),(0000002181,0252.00,'2022-12-30 21:44:57'),(0000002182,0112.00,'2022-12-30 21:59:19'),(0000002183,0288.00,'2022-12-30 22:01:34'),(0000002184,0218.00,'2022-12-30 22:32:11'),(0000002185,0276.00,'2022-12-30 22:44:44'),(0000002186,0204.00,'2022-12-30 22:45:49'),(0000002187,0108.00,'2022-12-30 22:46:55'),(0000002188,0120.00,'2022-12-30 22:47:10'),(0000002189,0164.00,'2023-04-14 18:32:54');
/*!40000 ALTER TABLE `payment` ENABLE KEYS */;
UNLOCK TABLES;

--
-- Table structure for table `representative`
--

DROP TABLE IF EXISTS `representative`;
/*!40101 SET @saved_cs_client     = @@character_set_client */;
/*!50503 SET character_set_client = utf8mb4 */;
CREATE TABLE `representative` (
  `representative_id` tinyint(3) unsigned zerofill NOT NULL AUTO_INCREMENT,
  `last_name` varchar(20) NOT NULL,
  `first_name` varchar(20) NOT NULL,
  `store_id` tinyint(3) unsigned zerofill NOT NULL,
  PRIMARY KEY (`representative_id`),
  KEY `store_id_idx` (`store_id`),
  CONSTRAINT `store_id` FOREIGN KEY (`store_id`) REFERENCES `store` (`store_id`)
) ENGINE=InnoDB AUTO_INCREMENT=32 DEFAULT CHARSET=utf8mb4 COLLATE=utf8mb4_0900_ai_ci;
/*!40101 SET character_set_client = @saved_cs_client */;

--
-- Dumping data for table `representative`
--

LOCK TABLES `representative` WRITE;
/*!40000 ALTER TABLE `representative` DISABLE KEYS */;
INSERT INTO `representative` VALUES (001,'Rodriguez','Charlotte',003),(002,'Lopez','Olivia',001),(003,'Martinez','Liam',004),(004,'Anderson','Ethan',002),(005,'Martin','Liam',001),(006,'Brown','Mason',003),(007,'Jones','Olivia',003),(008,'Smith','Jacob',004),(009,'Smith','Liam',001),(010,'Lee','Michael',001),(011,'Rodriguez','William',004),(012,'Miller','James',003),(013,'Miller','Ava',003),(014,'Miller','Steven',004),(015,'Jones','Michael',004),(016,'Jones','Ava',004),(017,'Williams','Emma',003),(018,'Johnson','Michael',003),(019,'Jones','Abigail',004),(020,'Martin','Liam',001);
/*!40000 ALTER TABLE `representative` ENABLE KEYS */;
UNLOCK TABLES;

--
-- Table structure for table `store`
--

DROP TABLE IF EXISTS `store`;
/*!40101 SET @saved_cs_client     = @@character_set_client */;
/*!50503 SET character_set_client = utf8mb4 */;
CREATE TABLE `store` (
  `store_id` tinyint(3) unsigned zerofill NOT NULL AUTO_INCREMENT,
  `street_address` varchar(20) NOT NULL,
  `city` varchar(20) NOT NULL,
  `zip_code` mediumint unsigned NOT NULL,
  PRIMARY KEY (`store_id`)
) ENGINE=InnoDB AUTO_INCREMENT=5 DEFAULT CHARSET=utf8mb4 COLLATE=utf8mb4_0900_ai_ci;
/*!40101 SET character_set_client = @saved_cs_client */;

--
-- Dumping data for table `store`
--

LOCK TABLES `store` WRITE;
/*!40000 ALTER TABLE `store` DISABLE KEYS */;
INSERT INTO `store` VALUES (001,'1829 Autumn Lane','Charlotte',28105),(002,'87 Willow Road','Charlotte',28208),(003,'190 Fruit Street','Austin',78660),(004,'278 Summer Drive','Chicago',60007);
/*!40000 ALTER TABLE `store` ENABLE KEYS */;
UNLOCK TABLES;

--
-- Table structure for table `vehicle`
--

DROP TABLE IF EXISTS `vehicle`;
/*!40101 SET @saved_cs_client     = @@character_set_client */;
/*!50503 SET character_set_client = utf8mb4 */;
CREATE TABLE `vehicle` (
  `vin` char(17) NOT NULL,
  `plate` varchar(10) NOT NULL,
  `make` varchar(20) NOT NULL,
  `model` varchar(20) NOT NULL,
  `year` smallint unsigned NOT NULL,
  `color` varchar(10) NOT NULL,
  `rental_rate` decimal(5,2) unsigned zerofill NOT NULL,
  PRIMARY KEY (`vin`),
  UNIQUE KEY `plate_UNIQUE` (`plate`)
) ENGINE=InnoDB DEFAULT CHARSET=utf8mb4 COLLATE=utf8mb4_0900_ai_ci;
/*!40101 SET character_set_client = @saved_cs_client */;

--
-- Dumping data for table `vehicle`
--

LOCK TABLES `vehicle` WRITE;
/*!40000 ALTER TABLE `vehicle` DISABLE KEYS */;
INSERT INTO `vehicle` VALUES ('AA0DO4492SS388054','SET-3238','Honda','Silverado',2005,'White',123.00),('AA9SS3649RK016585','DEI-2073','Chevrolet','Camry',2011,'White',138.00),('AE6XO9187BF879440','YMN-1159','Subaru','Outback',2009,'Gray',076.00),('BC4TO5106BM270965','QMQ-6259','Dodge','Silverado',2000,'White',082.00),('BD4YK0171IJ806160','ESZ-8159','Nissan','Altima',2003,'Yellow',060.00),('BF8OH7925EA602262','IYU-1150','Ford','Outback',2010,'White',116.00),('BG9CP7889ZC529675','UCD-3400','Nissan','Model 3',2019,'Purple',126.00),('CG0ME5939OY920618','OJC-4760','Jeep','Outback',2000,'Gray',050.00),('DI3QF1252LL926394','JQB-4961','Nissan','Outback',2017,'Green',145.00),('DK6ZY8488OG641336','JUV-8735','Chevrolet','Model 3',2014,'Purple',145.00),('DL7JP9048DZ453833','NQQ-2302','Nissan','Civic',2016,'Black',102.00),('DL7PP2252LL889037','NJJ-7696','Jeep','Model 3',2014,'Yellow',097.00),('DM0RH4166MJ493815','YFH-7893','Tesla','Civic',2013,'Purple',100.00),('DN0YJ1488OI002111','NAM-4752','Tesla','Civic',2013,'Blue',114.00),('DN2MT2192NS095902','LIH-5849','Ford','Model 3',2004,'Green',091.00),('DO3DQ8250PW489239','SQB-4064','Chevrolet','Model 3',2006,'Yellow',069.00),('DQ7SM1456KE664461','VNC-0760','Tesla','F-150',2008,'Gray',147.00),('EM9NN0604AT737496','KXL-4874','Jeep','Charger',2001,'White',144.00),('EP5UI3780QZ017171','NCX-3708','Chevrolet','Wrangler',2018,'Pink',080.00),('EP5UL7495ZD740620','UQW-3374','Kia','Outback',2003,'Red',102.00),('ET1UJ4098CB097944','TKV-8049','Honda','Altima',2011,'Orange',053.00),('ET2CR1664DL741349','NTG-9902','Toyota','Altima',2001,'Orange',114.00),('EU3MI1714DE486827','DJK-8125','Dodge','Charger',2001,'Purple',122.00),('EV5GP1130DP518924','GBM-2531','Nissan','Altima',2013,'Gray',134.00),('EV6TT5593YN728793','GDX-1937','Honda','Wrangler',2012,'White',056.00),('FW7BE6757DI212781','FOC-8043','Subaru','Camry',2010,'Black',091.00),('FY9CM1461PP106360','HKC-3211','Tesla','Wrangler',2006,'Orange',059.00),('FZ2GN8864NG512505','QOX-8506','Ford','F-150',2001,'Purple',091.00),('GC7LW1950FB723002','DTL-0636','Subaru','Wrangler',2005,'Blue',094.00),('GE0PZ1751HA292370','SMG-8510','Dodge','Soul',2019,'Yellow',115.00),('GX8OE2524QS699675','MUM-0942','Dodge','F-150',2000,'Blue',088.00),('HD7MA7551AP023977','QWK-4944','Jeep','Wrangler',2015,'Green',109.00),('HD8AJ8076YU148853','BFX-8675','Honda','Model 3',2012,'White',107.00),('HF1GU1279KJ601853','YTW-0823','Honda','Wrangler',2001,'Red',076.00),('HF2PG4406AH429205','PLJ-5469','Dodge','Charger',2017,'Black',087.00),('HJ8IA1678ED265990','LXG-5113','Dodge','Wrangler',2002,'Pink',109.00),('II6DU5460DP572056','ITV-9068','Jeep','Soul',2004,'Black',114.00),('IM3IN7147GE128442','QOV-5080','Dodge','Outback',2010,'White',117.00),('IN6PA4097RG125192','JFY-1753','Jeep','Model 3',2003,'Gray',134.00),('JM3GH6549FG593789','EZJ-8300','Kia','Altima',2007,'Gray',103.00),('JN5JA0020NL614111','MXD-9246','Nissan','Wrangler',2015,'Green',054.00),('JU8TG0239UZ590375','MTG-1734','Nissan','Wrangler',2005,'Red',146.00),('KA8JD6965XS838315','PFG-6617','Tesla','Civic',2003,'Pink',114.00),('KR1UN2589DT336194','LSI-4272','Honda','Wrangler',2015,'Gray',069.00),('KT6VG7826OV342700','AZV-2848','Chevrolet','Soul',2015,'Orange',074.00),('KT6XN0432CX127774','EJI-5795','Dodge','Wrangler',2001,'Red',108.00),('KV0PV3428MU531558','QQH-4676','Ford','Altima',2019,'Gray',148.00),('KW0WA4299AC412017','CLV-8700','Tesla','Soul',2004,'Red',145.00),('KW0WC9243QD714059','DUK-7565','Dodge','Outback',2014,'Gray',055.00),('LX1BW1399WN917373','RIO-7205','Subaru','Silverado',2007,'Black',076.00),('LX2SQ1565PK173401','QQH-5679','Toyota','Charger',2007,'Red',056.00),('LZ5YX6789BP660219','NRW-1305','Ford','Civic',2005,'Red',134.00),('MH0GF2700EN111473','SKY-5700','Ford','Wrangler',2000,'Black',053.00),('MH9ZC4095SC338244','ZNS-0016','Kia','Silverado',2014,'Purple',119.00),('NE4OM7171KR170357','FQM-6610','Ford','Outback',2017,'Black',053.00),('NI0LB8062IU939574','ZMM-9258','Toyota','Outback',2013,'Red',130.00),('NM7EU3389KD406055','EFL-5485','Jeep','Model 3',2008,'White',099.00),('NN0VY2318LV854489','HMN-1266','Toyota','Silverado',2001,'Orange',099.00),('NP3ZX4703NO258513','AFX-8714','Jeep','Altima',2013,'Black',061.00),('ON9ZG1264GA376998','OBS-2250','Subaru','Camry',2013,'Orange',057.00),('OO2HW4425DC975726','QHN-6641','Chevrolet','Wrangler',2005,'Orange',064.00),('PA2IT7545ID703433','PYX-7809','Chevrolet','F-150',2009,'Red',110.00),('PX6QD8701RU926111','LSE-7475','Ford','Charger',2006,'Orange',145.00),('QC5KJ6360FD937874','TOP-2572','Tesla','Civic',2016,'Red',105.00),('QU9QD8910SJ757079','GMQ-7080','Kia','Soul',2015,'White',123.00),('QX5EB8100UV890224','MCA-7767','Dodge','Altima',2015,'Green',113.00),('QX6QF1250SJ757889','IPZ-1602','Ford','Silverado',2018,'Red',052.00),('QY8JH3827VZ301473','NQP-0690','Toyota','Camry',2001,'Orange',076.00),('RC5HY8323WH831903','RGH-6427','Tesla','Silverado',2005,'White',053.00),('RD7JN5245JF936107','IPY-9022','Toyota','Charger',2010,'Pink',126.00),('RG3WH9712RU899210','YMM-0962','Dodge','Altima',2002,'Blue',062.00),('RY7BX3292FK369015','NUM-0603','Dodge','Model 3',2014,'Orange',109.00),('SG2JD6517NI034152','QKF-7964','Nissan','Camry',2000,'Yellow',052.00),('SK8BT5334IF194473','LGX-7013','Subaru','Soul',2009,'White',081.00),('SN5ZK0009PE093965','RTU-6001','Kia','Soul',2010,'Green',066.00),('TP7SM2644BT603585','BSL-9599','Tesla','Outback',2002,'Red',124.00),('UQ7WD9616ZY662247','BFW-6769','Jeep','Camry',2018,'White',123.00),('UU6QK0273EX072107','TJQ-9018','Dodge','Soul',2017,'Blue',126.00),('UX0SG2301TG984740','SNJ-3773','Toyota','Civic',2010,'Black',098.00),('VA5QN6839ZW474111','OGN-8852','Nissan','Civic',2015,'Orange',056.00),('VA5XT0811OH640152','QJZ-8296','Ford','Soul',2009,'Green',102.00),('VB7PS7552PF129782','KJQ-0377','Chevrolet','Charger',2008,'Orange',136.00),('VC0TQ0292FI152709','PCR-1683','Jeep','Silverado',2003,'Red',138.00),('VT2YA2227YN733805','VKO-5073','Toyota','Silverado',2011,'Black',144.00),('VY2OX9846ZZ977600','HHO-9223','Dodge','Charger',2005,'Red',060.00),('WA4HC6844EJ241493','AXM-7173','Toyota','Civic',2003,'Pink',054.00),('WA4KM2530YT926699','CNG-7944','Toyota','Charger',2001,'Black',145.00),('WB7KW1127EM885115','CYJ-9792','Tesla','Charger',2009,'Yellow',107.00),('WI9ZY6610NP303430','OMR-0167','Kia','Silverado',2017,'Orange',067.00),('XG5FF4751LP512519','HSP-8663','Ford','Outback',2013,'Green',093.00),('XK4UT3618OK340098','LOM-7298','Ford','Charger',2010,'Purple',060.00),('XM6XN8702CR029920','RGG-4224','Jeep','Model 3',2012,'Blue',122.00),('YK1LW9363TS238251','GRN-6788','Ford','Civic',2016,'Blue',104.00),('YN6RM3496KB098398','GWM-8851','Honda','Silverado',2003,'Red',098.00),('YN8LU6839ZA034134','EOG-5073','Dodge','Altima',2010,'Pink',102.00),('YO9BL0976YW469828','QNP-5852','Honda','Outback',2015,'Orange',142.00),('YP1WX8681IC551131','QWJ-2226','Honda','Soul',2005,'Gray',116.00),('ZO8JL1472ZG277734','LTK-7380','Jeep','Altima',2014,'Pink',097.00),('ZP0RE7169PG314937','SKV-9389','Jeep','Soul',2010,'Red',112.00),('ZV2XT9436CL956807','RCN-2965','Subaru','Altima',2016,'Red',096.00);
/*!40000 ALTER TABLE `vehicle` ENABLE KEYS */;
UNLOCK TABLES;

--
-- Dumping routines for database 'car_rental_10'
--
/*!50003 DROP FUNCTION IF EXISTS `normDist` */;
/*!50003 SET @saved_cs_client      = @@character_set_client */ ;
/*!50003 SET @saved_cs_results     = @@character_set_results */ ;
/*!50003 SET @saved_col_connection = @@collation_connection */ ;
/*!50003 SET character_set_client  = utf8mb4 */ ;
/*!50003 SET character_set_results = utf8mb4 */ ;
/*!50003 SET collation_connection  = utf8mb4_0900_ai_ci */ ;
/*!50003 SET @saved_sql_mode       = @@sql_mode */ ;
/*!50003 SET sql_mode              = 'ONLY_FULL_GROUP_BY,STRICT_TRANS_TABLES,NO_ZERO_IN_DATE,NO_ZERO_DATE,ERROR_FOR_DIVISION_BY_ZERO,NO_ENGINE_SUBSTITUTION' */ ;
DELIMITER ;;
CREATE DEFINER=`root`@`localhost` FUNCTION `normDist`(mean float, stdev float) RETURNS float
    DETERMINISTIC
BEGIN
set @x=rand(), @y=rand();
set @norm = ((sqrt(-2*log(@x))*cos(2*pi()*@y))*stdev)+mean;
return @norm;
END ;;
DELIMITER ;
/*!50003 SET sql_mode              = @saved_sql_mode */ ;
/*!50003 SET character_set_client  = @saved_cs_client */ ;
/*!50003 SET character_set_results = @saved_cs_results */ ;
/*!50003 SET collation_connection  = @saved_col_connection */ ;
/*!50003 DROP PROCEDURE IF EXISTS `createCustomers` */;
/*!50003 SET @saved_cs_client      = @@character_set_client */ ;
/*!50003 SET @saved_cs_results     = @@character_set_results */ ;
/*!50003 SET @saved_col_connection = @@collation_connection */ ;
/*!50003 SET character_set_client  = utf8mb4 */ ;
/*!50003 SET character_set_results = utf8mb4 */ ;
/*!50003 SET collation_connection  = utf8mb4_0900_ai_ci */ ;
/*!50003 SET @saved_sql_mode       = @@sql_mode */ ;
/*!50003 SET sql_mode              = 'ONLY_FULL_GROUP_BY,STRICT_TRANS_TABLES,NO_ZERO_IN_DATE,NO_ZERO_DATE,ERROR_FOR_DIVISION_BY_ZERO,NO_ENGINE_SUBSTITUTION' */ ;
DELIMITER ;;
CREATE DEFINER=`root`@`localhost` PROCEDURE `createCustomers`(in maxGen int)
BEGIN
-- clears old customers and resets table
delete from customer
where customer_id > 0;

ALTER TABLE customer AUTO_INCREMENT = 1;

-- makes rand tables
drop temporary table if exists first_name;
drop temporary table if exists last_name;
drop temporary table if exists more_rows;

create temporary table first_name(
	first_name varchar(20)
);

create temporary table last_name(
	last_name varchar(20)
);

-- this allows for more randomization
create temporary table more_rows(
	more_rows int
);

insert into first_name
values
	("Emma"),
	("Noah"),
	("Olivia"),
	("Liam"),
	("Ava"),
	("Sophia"),
	("Mason"),
	("Isabella"),
	("Jacob"),
	("Mia"),
	("Ethan"),
	("Charlotte"),
	("James"),
	("Evelyn"),
	("Alexander"),
	("Abigail"),
	("Michael"),
	("Harper"),
	("William"),
	("Steven");

insert into last_name
values
	("Smith"),
	("Johnson"),
	("Williams"),
	("Jones"),
	("Brown"),
	("Garcia"),
	("Miller"),
	("Davis"),
	("Rodriguez"),
	("Martinez"),
	("Hernandez"),
	("Lopez"),
	("Gonzalez"),
	("Perez"),
	("Taylor"),
	("Anderson"),
	("Wilson"),
	("Moore"),
	("Martin"),
	("Lee");

insert into more_rows
values (),(),(),(),(),(),(),(),(),(),();

-- gets max insurance id
set @max_insurance_id := (select max(insurance_id) from insurance);
       
-- generates customers and puts them in random order
insert into customer (first_name, last_name, insurance_id)
select 
first_name.first_name, 
last_name.last_name, 
floor(rand() * @max_insurance_id) + 1 as insurance_id
from first_name
cross join last_name
cross join more_rows
order by rand()
limit maxgen;
		
drop temporary table first_name;
drop temporary table last_name;
drop temporary table more_rows;
END ;;
DELIMITER ;
/*!50003 SET sql_mode              = @saved_sql_mode */ ;
/*!50003 SET character_set_client  = @saved_cs_client */ ;
/*!50003 SET character_set_results = @saved_cs_results */ ;
/*!50003 SET collation_connection  = @saved_col_connection */ ;
/*!50003 DROP PROCEDURE IF EXISTS `createRepresentatives` */;
/*!50003 SET @saved_cs_client      = @@character_set_client */ ;
/*!50003 SET @saved_cs_results     = @@character_set_results */ ;
/*!50003 SET @saved_col_connection = @@collation_connection */ ;
/*!50003 SET character_set_client  = utf8mb4 */ ;
/*!50003 SET character_set_results = utf8mb4 */ ;
/*!50003 SET collation_connection  = utf8mb4_0900_ai_ci */ ;
/*!50003 SET @saved_sql_mode       = @@sql_mode */ ;
/*!50003 SET sql_mode              = 'ONLY_FULL_GROUP_BY,STRICT_TRANS_TABLES,NO_ZERO_IN_DATE,NO_ZERO_DATE,ERROR_FOR_DIVISION_BY_ZERO,NO_ENGINE_SUBSTITUTION' */ ;
DELIMITER ;;
CREATE DEFINER=`root`@`localhost` PROCEDURE `createRepresentatives`(in maxGen int)
BEGIN
-- clears old representatives and resets table
delete from representative
where representative_id > 0;

ALTER TABLE representative AUTO_INCREMENT = 1;

-- makes rand tables
drop temporary table if exists first_name;
drop temporary table if exists last_name;
drop temporary table if exists more_rows;

create temporary table first_name(
	first_name varchar(20)
);

create temporary table last_name(
	last_name varchar(20)
);

-- this allows for more randomization
create temporary table more_rows(
	more_rows int
);

insert into first_name
values
	("Emma"),
	("Noah"),
	("Olivia"),
	("Liam"),
	("Ava"),
	("Sophia"),
	("Mason"),
	("Isabella"),
	("Jacob"),
	("Mia"),
	("Ethan"),
	("Charlotte"),
	("James"),
	("Evelyn"),
	("Alexander"),
	("Abigail"),
	("Michael"),
	("Harper"),
	("William"),
	("Steven");

insert into last_name
values
	("Smith"),
	("Johnson"),
	("Williams"),
	("Jones"),
	("Brown"),
	("Garcia"),
	("Miller"),
	("Davis"),
	("Rodriguez"),
	("Martinez"),
	("Hernandez"),
	("Lopez"),
	("Gonzalez"),
	("Perez"),
	("Taylor"),
	("Anderson"),
	("Wilson"),
	("Moore"),
	("Martin"),
	("Lee");

insert into more_rows
values (),(),(),(),(),(),(),(),(),(),();

-- gets max store id
set @max_store_id := (select max(store_id) from store);
       
-- generates customers and puts them in random order
insert into representative (first_name, last_name, store_id)
select 
first_name.first_name, 
last_name.last_name, 
floor(rand() * @max_store_id) + 1 as store_id
from first_name
cross join last_name
cross join more_rows
order by rand()
limit maxgen;
		
drop temporary table first_name;
drop temporary table last_name;
drop temporary table more_rows;
END ;;
DELIMITER ;
/*!50003 SET sql_mode              = @saved_sql_mode */ ;
/*!50003 SET character_set_client  = @saved_cs_client */ ;
/*!50003 SET character_set_results = @saved_cs_results */ ;
/*!50003 SET collation_connection  = @saved_col_connection */ ;
/*!50003 DROP PROCEDURE IF EXISTS `createVehicles` */;
/*!50003 SET @saved_cs_client      = @@character_set_client */ ;
/*!50003 SET @saved_cs_results     = @@character_set_results */ ;
/*!50003 SET @saved_col_connection = @@collation_connection */ ;
/*!50003 SET character_set_client  = utf8mb4 */ ;
/*!50003 SET character_set_results = utf8mb4 */ ;
/*!50003 SET collation_connection  = utf8mb4_0900_ai_ci */ ;
/*!50003 SET @saved_sql_mode       = @@sql_mode */ ;
/*!50003 SET sql_mode              = 'ONLY_FULL_GROUP_BY,STRICT_TRANS_TABLES,NO_ZERO_IN_DATE,NO_ZERO_DATE,ERROR_FOR_DIVISION_BY_ZERO,NO_ENGINE_SUBSTITUTION' */ ;
DELIMITER ;;
CREATE DEFINER=`root`@`localhost` PROCEDURE `createVehicles`(in maxGen int)
BEGIN
-- clear old vehicles
delete from vehicle
where vin != "12345678901234567";

-- makes rand tables
drop temporary table if exists make;
drop temporary table if exists model;
drop temporary table if exists color;

create temporary table make(
	make varchar(20)
);

create temporary table model(
	model varchar(20)
);

create temporary table color(
	color varchar(20)
);

insert into make
values
	("Toyota"),
	("Honda"),
	("Chevrolet"),
	("Ford"),
	("Nissan"),
	("Dodge"),
	("Jeep"),
	("Subaru"),
	("Kia"),
	("Tesla");

insert into model
values
	("Camry"),
	("Civic"),
	("Silverado"),
	("F-150"),
	("Altima"),
	("Charger"),
	("Wrangler"),
	("Outback"),
	("Soul"),
	("Model 3");

insert into color
values
	("Black"),
	("White"),
	("Red"),
	("Blue"),
	("Green"),
	("Yellow"),
	("Purple"),
	("Orange"),
	("Gray"),
	("Pink");



INSERT INTO vehicle (vin, plate, make, model, year, color, rental_rate)
SELECT
	-- generates VIN
    CONCAT(
        CHAR(FLOOR(RAND() * 26) + 65),
        CHAR(FLOOR(RAND() * 26) + 65),
        CHAR(FLOOR(RAND() * 10) + 48),
        CHAR(FLOOR(RAND() * 26) + 65),
        CHAR(FLOOR(RAND() * 26) + 65),
        CHAR(FLOOR(RAND() * 10) + 48),
        CHAR(FLOOR(RAND() * 10) + 48),
        CHAR(FLOOR(RAND() * 10) + 48),
        CHAR(FLOOR(RAND() * 10) + 48),
        CHAR(FLOOR(RAND() * 26) + 65),
        CHAR(FLOOR(RAND() * 26) + 65),
        CHAR(FLOOR(RAND() * 10) + 48),
        CHAR(FLOOR(RAND() * 10) + 48),
        CHAR(FLOOR(RAND() * 10) + 48),
        CHAR(FLOOR(RAND() * 10) + 48),
        CHAR(FLOOR(RAND() * 10) + 48),
        CHAR(FLOOR(RAND() * 10) + 48)
    ) AS vin,
    -- generates plate
    CONCAT(
        CHAR(FLOOR(RAND() * 26) + 65),
        CHAR(FLOOR(RAND() * 26) + 65),
        CHAR(FLOOR(RAND() * 26) + 65),
        "-",
        CHAR(FLOOR(RAND() * 10) + 48),
        CHAR(FLOOR(RAND() * 10) + 48),
        CHAR(FLOOR(RAND() * 10) + 48),
        CHAR(FLOOR(RAND() * 10) + 48)
    ) AS plate,
    -- randomizes other details
    make.make,
    model.model,
    FLOOR(RAND() * 20) + 2000 AS year,
	color.color,
    FLOOR(RAND() * 100) + 50 AS rental_rate
    from make
    cross join model
    cross join color
    order by rand()
	LIMIT maxGen;

drop temporary table make;
drop temporary table model;
drop temporary table color;
END ;;
DELIMITER ;
/*!50003 SET sql_mode              = @saved_sql_mode */ ;
/*!50003 SET character_set_client  = @saved_cs_client */ ;
/*!50003 SET character_set_results = @saved_cs_results */ ;
/*!50003 SET collation_connection  = @saved_col_connection */ ;
/*!50003 DROP PROCEDURE IF EXISTS `DEPRECATED-randomizeBookingDatetimes` */;
/*!50003 SET @saved_cs_client      = @@character_set_client */ ;
/*!50003 SET @saved_cs_results     = @@character_set_results */ ;
/*!50003 SET @saved_col_connection = @@collation_connection */ ;
/*!50003 SET character_set_client  = utf8mb4 */ ;
/*!50003 SET character_set_results = utf8mb4 */ ;
/*!50003 SET collation_connection  = utf8mb4_0900_ai_ci */ ;
/*!50003 SET @saved_sql_mode       = @@sql_mode */ ;
/*!50003 SET sql_mode              = 'ONLY_FULL_GROUP_BY,STRICT_TRANS_TABLES,NO_ZERO_IN_DATE,NO_ZERO_DATE,ERROR_FOR_DIVISION_BY_ZERO,NO_ENGINE_SUBSTITUTION' */ ;
DELIMITER ;;
CREATE DEFINER=`root`@`localhost` PROCEDURE `DEPRECATED-randomizeBookingDatetimes`(resetDT bit, dateRand bit, timeRand bit)
BEGIN
-- resets datetimes
if resetDT then
update booking
set datetime = concat("2023-03-30 08:00:00")
where booking_id > 0;
end if;

-- adds a random amount of days between reset datetime and now
if dateRand then
update booking
set datetime = date_add(datetime, interval datediff(current_date(), date(datetime))*rand() day)
where booking_id > 0;
end if;

-- adds a random amount of seconds up to 12 hours
if timeRand then
update booking
set datetime = date_add(datetime, interval 12*60*60*rand() second)
where booking_id > 0;
end if;
END ;;
DELIMITER ;
/*!50003 SET sql_mode              = @saved_sql_mode */ ;
/*!50003 SET character_set_client  = @saved_cs_client */ ;
/*!50003 SET character_set_results = @saved_cs_results */ ;
/*!50003 SET collation_connection  = @saved_col_connection */ ;
/*!50003 DROP PROCEDURE IF EXISTS `generateData` */;
/*!50003 SET @saved_cs_client      = @@character_set_client */ ;
/*!50003 SET @saved_cs_results     = @@character_set_results */ ;
/*!50003 SET @saved_col_connection = @@collation_connection */ ;
/*!50003 SET character_set_client  = utf8mb4 */ ;
/*!50003 SET character_set_results = utf8mb4 */ ;
/*!50003 SET collation_connection  = utf8mb4_0900_ai_ci */ ;
/*!50003 SET @saved_sql_mode       = @@sql_mode */ ;
/*!50003 SET sql_mode              = 'ONLY_FULL_GROUP_BY,STRICT_TRANS_TABLES,NO_ZERO_IN_DATE,NO_ZERO_DATE,ERROR_FOR_DIVISION_BY_ZERO,NO_ENGINE_SUBSTITUTION' */ ;
DELIMITER ;;
CREATE DEFINER=`root`@`localhost` PROCEDURE `generateData`(in weeks int, in start_dt datetime)
BEGIN
declare i int default 0;
declare current_dt datetime default start_dt;

delete from payment
where payment_id > 0;
alter table payment auto_increment = 1;

delete from booking
where booking_id > 0;
alter table booking auto_increment = 1;

while i < weeks do
	call runWeekend(normDist(.3, .1), current_dt);
    set i = i + 1;
    set current_dt = date_add(current_dt, interval 1 week);
end while;
END ;;
DELIMITER ;
/*!50003 SET sql_mode              = @saved_sql_mode */ ;
/*!50003 SET character_set_client  = @saved_cs_client */ ;
/*!50003 SET character_set_results = @saved_cs_results */ ;
/*!50003 SET collation_connection  = @saved_col_connection */ ;
/*!50003 DROP PROCEDURE IF EXISTS `runWeekend` */;
/*!50003 SET @saved_cs_client      = @@character_set_client */ ;
/*!50003 SET @saved_cs_results     = @@character_set_results */ ;
/*!50003 SET @saved_col_connection = @@collation_connection */ ;
/*!50003 SET character_set_client  = utf8mb4 */ ;
/*!50003 SET character_set_results = utf8mb4 */ ;
/*!50003 SET collation_connection  = utf8mb4_0900_ai_ci */ ;
/*!50003 SET @saved_sql_mode       = @@sql_mode */ ;
/*!50003 SET sql_mode              = 'ONLY_FULL_GROUP_BY,STRICT_TRANS_TABLES,NO_ZERO_IN_DATE,NO_ZERO_DATE,ERROR_FOR_DIVISION_BY_ZERO,NO_ENGINE_SUBSTITUTION' */ ;
DELIMITER ;;
CREATE DEFINER=`root`@`localhost` PROCEDURE `runWeekend`(in carWeighting float, in weekend_date datetime)
BEGIN
drop table if exists rentals;

create temporary table rentals(
	ID int primary key auto_increment,
	vin char(17),
    rent_dt datetime
);

insert into rentals (vin)
select vin
from vehicle
where rand() < carWeighting;

update rentals
set rent_dt = date_add(concat(date(weekend_date)," 17:05:00"), interval (5*60 + 55)*60*rand() second)
where ID > 0;

insert into payment (amount, pay_dt)
select (rental_rate * 2), (date_add(rentals.rent_dt, interval -5 minute)) as pay_dt
from vehicle
inner join rentals on rentals.vin = vehicle.vin
order by rent_dt;

insert into booking (vin, customer_id, representative_id, payment_id, book_dt)
select
	rentals.vin,
    (select customer_id 
		from customer 
		order by rand() 
		limit 1),
    (select representative_id 
		from representative 
		order by rand() 
		limit 1),
    payment.payment_id,
    rentals.rent_dt
	from payment
	inner join rentals
		on rentals.rent_dt = date_add(payment.pay_dt, interval 5 minute)
	inner join vehicle
		on vehicle.vin = rentals.vin;
        
drop temporary table rentals;
END ;;
DELIMITER ;
/*!50003 SET sql_mode              = @saved_sql_mode */ ;
/*!50003 SET character_set_client  = @saved_cs_client */ ;
/*!50003 SET character_set_results = @saved_cs_results */ ;
/*!50003 SET collation_connection  = @saved_col_connection */ ;
/*!50003 DROP PROCEDURE IF EXISTS `setup` */;
/*!50003 SET @saved_cs_client      = @@character_set_client */ ;
/*!50003 SET @saved_cs_results     = @@character_set_results */ ;
/*!50003 SET @saved_col_connection = @@collation_connection */ ;
/*!50003 SET character_set_client  = utf8mb4 */ ;
/*!50003 SET character_set_results = utf8mb4 */ ;
/*!50003 SET collation_connection  = utf8mb4_0900_ai_ci */ ;
/*!50003 SET @saved_sql_mode       = @@sql_mode */ ;
/*!50003 SET sql_mode              = 'ONLY_FULL_GROUP_BY,STRICT_TRANS_TABLES,NO_ZERO_IN_DATE,NO_ZERO_DATE,ERROR_FOR_DIVISION_BY_ZERO,NO_ENGINE_SUBSTITUTION' */ ;
DELIMITER ;;
CREATE DEFINER=`root`@`localhost` PROCEDURE `setup`(in customers int, in vehicles int, in representatives int)
BEGIN
call createCustomers(customers);
call createVehicles(vehicles);
call createRepresentatives(representatives);

delete from payment
where payment_id > 0;
alter table payment auto_increment = 1;

delete from booking
where booking_id > 0;
alter table booking auto_increment = 1;
END ;;
DELIMITER ;
/*!50003 SET sql_mode              = @saved_sql_mode */ ;
/*!50003 SET character_set_client  = @saved_cs_client */ ;
/*!50003 SET character_set_results = @saved_cs_results */ ;
/*!50003 SET collation_connection  = @saved_col_connection */ ;
/*!40103 SET TIME_ZONE=@OLD_TIME_ZONE */;

/*!40101 SET SQL_MODE=@OLD_SQL_MODE */;
/*!40014 SET FOREIGN_KEY_CHECKS=@OLD_FOREIGN_KEY_CHECKS */;
/*!40014 SET UNIQUE_CHECKS=@OLD_UNIQUE_CHECKS */;
/*!40101 SET CHARACTER_SET_CLIENT=@OLD_CHARACTER_SET_CLIENT */;
/*!40101 SET CHARACTER_SET_RESULTS=@OLD_CHARACTER_SET_RESULTS */;
/*!40101 SET COLLATION_CONNECTION=@OLD_COLLATION_CONNECTION */;
/*!40111 SET SQL_NOTES=@OLD_SQL_NOTES */;

-- Dump completed on 2023-04-14 17:07:06
